客户ID,注册时长(月),使用频率,消费金额,最后一次使用(天前),客服投诉次数,是否流失
C0001,11,20,6096.46,98,3,0
C0002,22,23,4752.35,351,10,1
C0003,2,6,7015.28,131,0,0
C0004,40,8,5774.5,206,10,1
C0005,28,7,7152.98,271,4,0
C0006,19,18,2895.68,70,10,0
C0007,38,18,2363.56,202,10,1
C0008,23,5,7115.62,309,1,0
C0009,36,14,6632.06,208,2,0
C0010,10,16,2526.84,116,3,0
C0011,58,1,9393.81,323,2,1
C0012,4,28,1088.39,218,3,0
C0013,50,2,1211.07,354,2,1
C0014,6,12,4013.66,101,4,0
C0015,22,6,9724.31,213,3,0
C0016,52,28,5305.38,215,2,0
C0017,13,12,4620.73,146,4,0
C0018,24,26,7180.19,335,4,0
C0019,56,10,9343.45,44,1,0
C0020,22,9,8899.62,136,4,0
C0021,22,16,6433.37,86,1,0
C0022,35,23,3027.86,321,4,0
C0023,33,4,8997.35,39,2,0
C0024,8,30,4108.31,252,10,1
C0025,40,6,9025.65,339,6,1
C0026,19,6,5887.03,257,7,1
C0027,12,9,4437.22,105,5,0
C0028,59,20,6202.3,254,5,0
C0029,37,26,1226.64,123,0,0
C0030,21,26,1236.33,189,10,1
C0031,5,26,5313.87,143,7,1
C0032,57,19,1815.35,352,3,1
C0033,30,27,8892.07,88,4,0
C0034,13,3,305.83,258,1,1
C0035,9,9,4074.79,154,3,0
C0036,35,21,6821.52,197,2,0
C0037,48,2,9878.47,326,1,1
C0038,59,9,6337.45,7,6,0
C0039,48,19,3923.1,14,6,0
C0040,39,21,4161.54,229,4,0
C0041,57,26,1513.0,33,8,0
C0042,39,23,6306.82,198,5,1
C0043,5,28,7738.8,225,1,0
C0044,1,4,1119.44,85,5,1
C0045,47,7,859.9,23,0,0
C0046,49,2,1913.1,247,2,1
C0047,36,30,8122.98,278,6,1
C0048,51,28,5138.8,117,10,1
C0049,9,4,9258.76,31,8,1
C0050,26,29,845.49,360,9,1
C0051,36,10,1453.05,19,7,0
C0052,49,13,6197.97,326,7,1
C0053,33,29,2649.62,17,0,0
C0054,19,3,2818.73,139,2,1
C0055,17,13,187.71,244,3,0
C0056,11,8,7070.29,274,6,1
C0057,5,23,9798.57,297,5,0
C0058,46,30,8438.42,307,9,1
C0059,18,15,9754.1,338,7,1
C0060,45,14,2172.73,251,9,1
C0061,33,6,5950.68,15,5,0
C0062,31,19,4718.83,308,10,1
C0063,35,28,8326.57,200,7,1
C0064,28,1,4717.01,321,1,1
C0065,3,12,5886.97,310,4,0
C0066,35,4,3198.77,144,3,1
C0067,37,2,9753.65,175,6,1
C0068,48,1,8752.0,272,5,1
C0069,50,18,6345.1,317,10,1
C0070,25,14,7181.04,317,6,1
C0071,14,12,3107.18,240,6,1
C0072,2,30,4887.39,42,2,0
C0073,6,17,2945.09,200,2,0
C0074,25,10,8392.68,147,1,0
C0075,57,26,1350.02,143,5,0
C0076,4,17,3522.95,311,10,1
C0077,15,11,4082.53,124,5,0
C0078,18,21,2479.51,233,9,1
C0079,22,2,8238.42,214,10,1
C0080,60,12,7745.74,166,7,1
C0081,58,8,4884.12,130,8,1
C0082,52,24,7999.08,181,2,0
C0083,11,6,9434.52,283,4,0
C0084,51,19,8464.74,27,1,0
C0085,52,11,7739.94,81,7,0
C0086,41,30,1792.8,141,9,1
C0087,44,25,8482.68,220,5,0
C0088,14,26,6260.52,255,4,0
C0089,38,30,5659.21,28,2,0
C0090,15,22,5194.22,138,0,0
C0091,4,18,2659.17,46,5,0
C0092,6,5,2864.54,213,9,1
C0093,48,11,4724.37,164,3,0
C0094,35,11,738.45,104,10,1
C0095,39,28,4846.64,362,3,0
C0096,40,10,4201.44,160,2,0
C0097,48,6,266.57,31,8,0
C0098,2,13,7916.5,105,4,0
C0099,5,3,5295.74,256,8,1
C0100,32,7,4515.79,267,2,0
C0101,58,12,9966.17,97,10,1
C0102,14,23,5100.51,147,1,0
C0103,40,3,4835.58,197,0,1
C0104,16,7,9854.89,347,3,0
C0105,53,12,2954.16,45,8,0
C0106,16,14,6544.28,221,0,0
C0107,44,1,6323.09,102,1,1
C0108,15,16,9110.41,277,0,0
C0109,44,30,714.8,298,3,0
C0110,32,24,9765.59,212,7,1
C0111,30,26,4664.58,123,6,1
C0112,22,25,9543.62,194,4,0
C0113,20,11,6193.93,30,3,0
C0114,33,4,6153.14,357,4,1
C0115,13,12,7726.6,57,1,0
C0116,9,13,6261.41,294,5,0
C0117,16,27,540.7,317,2,0
C0118,16,7,6545.37,43,3,0
C0119,48,3,3147.69,336,8,1
C0120,21,11,7479.78,15,7,1
C0121,25,9,222.77,71,6,1
C0122,29,10,7187.15,164,10,1
C0123,8,24,8257.74,157,8,1
C0124,31,14,1614.01,216,4,0
C0125,16,24,9888.02,339,2,0
C0126,57,27,8920.2,233,3,0
C0127,38,10,584.12,291,5,0
C0128,59,6,3481.52,342,0,0
C0129,48,26,7761.08,185,8,1
C0130,40,7,4566.81,58,2,0
C0131,12,18,2681.45,287,9,1
C0132,58,3,5937.82,302,4,1
C0133,54,20,3614.45,43,6,0
C0134,22,20,5844.65,362,9,1
C0135,18,11,8370.3,202,10,1
C0136,19,10,4353.96,165,2,0
C0137,38,1,350.21,38,5,0
C0138,56,5,9784.02,270,6,1
C0139,32,18,3686.51,131,7,1
C0140,57,1,7885.26,258,9,1
C0141,31,25,4906.27,352,5,0
C0142,8,29,6864.31,193,7,1
C0143,3,24,9336.52,348,3,0
C0144,10,25,6434.71,176,0,0
C0145,59,17,6991.9,30,4,0
C0146,30,16,9008.07,17,10,0
C0147,18,23,8513.62,22,10,0
C0148,27,4,2254.52,153,0,1
C0149,48,16,5894.68,66,10,0
C0150,25,29,2718.54,247,5,0
C0151,32,12,2921.38,92,8,1
C0152,46,30,6683.07,104,2,0
C0153,49,13,4924.36,258,5,0
C0154,23,22,569.68,201,8,1
C0155,60,17,748.85,184,7,1
C0156,8,23,3284.76,213,10,1
C0157,27,3,8603.06,213,8,1
C0158,38,29,3050.09,23,9,0
C0159,60,24,2427.88,129,6,1
C0160,41,1,3449.27,190,5,1
C0161,8,23,4162.54,37,3,0
C0162,22,14,9842.35,96,2,0
C0163,24,30,792.66,77,5,0
C0164,26,3,5954.92,42,2,0
C0165,28,29,5696.71,160,8,1
C0166,54,25,7012.2,199,9,1
C0167,32,18,3076.52,247,9,1
C0168,49,27,5099.3,311,6,1
C0169,48,7,898.48,218,3,0
C0170,11,16,6288.4,134,3,0
C0171,57,27,9892.82,93,5,0
C0172,47,3,4248.46,69,3,1
C0173,8,5,4852.63,208,9,1
C0174,59,23,7673.2,57,7,0
C0175,7,25,6079.09,293,8,1
C0176,56,14,2474.98,350,10,1
C0177,2,27,5265.45,342,5,0
C0178,25,1,4229.61,77,2,0
C0179,27,7,3515.57,241,3,0
C0180,23,16,4575.0,201,9,1
C0181,47,10,1703.7,312,8,1
C0182,20,26,695.6,153,0,0
C0183,46,2,2210.03,82,7,1
C0184,14,1,2219.12,66,4,0
C0185,12,23,4472.67,356,6,1
C0186,14,24,7948.34,66,10,0
C0187,51,11,8398.58,42,1,0
C0188,45,25,1554.91,125,8,1
C0189,1,22,8438.53,345,9,1
C0190,22,17,6678.66,212,2,0
C0191,36,11,2038.71,333,10,1
C0192,56,3,7116.2,49,10,1
C0193,60,6,5050.04,41,7,0
C0194,39,1,8104.92,108,10,1
C0195,26,14,3880.13,118,6,1
C0196,42,24,9388.2,156,7,1
C0197,12,17,782.7,127,2,0
C0198,55,11,5836.05,144,5,1
C0199,13,22,4938.79,26,2,0
C0200,39,9,9879.5,16,3,0
C0201,14,12,6347.77,102,10,1
C0202,48,4,6618.5,80,4,0
C0203,9,28,6908.27,353,5,0
C0204,54,4,5841.37,176,0,1
C0205,53,26,8291.91,128,0,0
C0206,33,15,5576.72,234,1,0
C0207,55,25,4010.27,78,4,0
C0208,40,10,7965.06,310,1,0
C0209,11,26,7246.12,259,3,0
C0210,58,6,9097.76,38,5,0
C0211,38,15,4445.09,212,4,0
C0212,16,13,7272.53,210,5,0
C0213,54,12,1419.78,86,2,0
C0214,52,25,3897.95,291,10,1
C0215,21,22,2725.49,289,10,1
C0216,53,1,8899.23,68,9,1
C0217,20,18,8565.73,298,4,0
C0218,55,24,8153.26,164,7,1
C0219,31,27,8097.44,210,6,1
C0220,5,24,8820.04,278,8,1
C0221,55,14,3465.45,175,0,0
C0222,57,30,387.92,299,1,0
C0223,39,12,7216.62,228,8,1
C0224,13,5,9463.59,289,10,1
C0225,48,26,7651.82,303,3,0
C0226,1,30,1214.37,146,1,0
C0227,30,1,4179.93,55,8,1
C0228,50,11,6729.98,210,0,0
C0229,32,18,463.8,225,2,1
C0230,9,1,9028.69,115,10,1
C0231,46,7,5528.28,282,1,0
C0232,11,1,7595.6,296,9,1
C0233,28,13,8531.65,220,3,0
C0234,2,7,6486.34,115,4,0
C0235,33,8,9869.92,193,5,0
C0236,1,15,6423.96,297,10,1
C0237,45,1,3507.69,338,5,1
C0238,32,26,2905.67,100,9,1
C0239,27,16,4809.25,163,4,0
C0240,29,7,6030.31,39,6,0
C0241,39,1,5923.92,175,4,1
C0242,28,29,5520.03,273,7,1
C0243,48,8,7200.88,26,5,0
C0244,33,14,5361.31,30,2,0
C0245,7,5,9677.74,91,6,1
C0246,54,29,4224.75,162,4,0
C0247,50,17,8951.13,352,0,0
C0248,34,2,3093.26,47,4,0
C0249,54,11,6103.54,240,0,1
C0250,5,30,5820.07,29,0,0
C0251,34,17,9384.94,132,6,1
C0252,29,30,7594.85,119,10,1
C0253,20,24,4986.66,125,6,1
C0254,49,19,2358.17,294,10,1
C0255,3,18,6063.61,54,3,0
C0256,34,11,9465.84,194,7,1
C0257,5,17,2229.4,56,3,0
C0258,23,10,1302.23,339,8,1
C0259,41,9,6564.72,364,2,0
C0260,5,4,911.54,299,10,1
C0261,3,7,7569.18,308,4,0
C0262,1,19,2973.38,339,9,1
C0263,19,3,8265.63,161,9,1
C0264,29,20,6267.31,302,0,0
C0265,15,25,7727.42,127,8,1
C0266,35,23,4504.2,215,7,1
C0267,25,28,4330.55,324,6,1
C0268,54,6,8423.36,269,9,1
C0269,21,29,9953.77,37,3,0
C0270,54,10,216.12,109,9,1
C0271,40,27,9739.05,282,3,0
C0272,19,10,6707.76,335,3,1
C0273,7,17,2005.7,123,2,0
C0274,37,22,2085.06,320,10,1
C0275,53,15,7071.16,93,6,1
C0276,49,13,2461.44,86,0,0
C0277,23,30,3123.73,41,8,0
C0278,15,8,8257.79,54,1,0
C0279,33,14,611.98,225,7,1
C0280,26,27,4550.58,37,9,0
C0281,46,26,8744.84,341,8,1
C0282,36,20,1391.0,18,3,0
C0283,10,17,9702.73,228,5,0
C0284,18,2,3607.34,320,2,1
C0285,16,22,8367.81,108,6,1
C0286,1,13,4407.17,272,7,1
C0287,8,20,8725.54,87,4,0
C0288,31,22,9291.71,194,5,0
C0289,57,15,688.24,208,4,0
C0290,27,16,9482.85,358,5,0
C0291,48,10,3197.73,232,5,0
C0292,23,15,7205.8,153,10,1
C0293,52,27,5206.17,75,5,0
C0294,27,21,8444.16,310,9,1
C0295,4,23,1169.39,267,5,0
C0296,49,30,1075.11,58,5,0
C0297,31,29,2534.08,119,8,1
C0298,56,12,791.95,236,6,1
C0299,19,24,4233.58,19,10,0
C0300,43,14,7521.52,273,0,0
C0301,35,7,5064.85,108,1,0
C0302,15,9,4367.48,360,0,0
C0303,32,11,5116.0,220,0,0
C0304,41,10,7478.21,177,6,1
C0305,13,23,2448.4,106,8,1
C0306,37,5,2479.89,320,5,0
C0307,50,11,4548.1,174,1,0
C0308,57,28,3405.57,241,8,1
C0309,41,5,4054.16,275,8,1
C0310,1,27,6416.37,86,4,0
C0311,48,28,9084.57,238,1,0
C0312,43,17,7487.04,200,2,0
C0313,45,17,9097.28,194,9,1
C0314,60,15,9587.9,129,7,1
C0315,27,24,8064.06,111,10,1
C0316,31,1,2130.72,285,5,1
C0317,42,9,4722.36,228,2,0
C0318,7,19,9909.23,97,1,0
C0319,10,6,7252.84,144,1,0
C0320,46,6,9334.93,360,3,0
C0321,49,23,59.71,201,2,0
C0322,44,19,2544.52,49,8,0
C0323,22,12,2818.14,277,9,1
C0324,11,11,5410.78,272,3,0
C0325,50,1,559.1,119,5,1
C0326,26,8,328.5,82,8,0
C0327,31,7,3297.52,156,9,1
C0328,1,10,9839.35,297,8,1
C0329,25,12,4458.14,219,8,1
C0330,38,23,4395.03,72,1,0
C0331,50,24,7947.87,31,8,0
C0332,55,18,4107.44,275,5,0
C0333,41,7,3015.66,198,0,0
C0334,34,27,8738.61,276,2,0
C0335,37,6,8517.83,279,7,1
C0336,12,17,5999.95,334,10,1
C0337,19,13,4694.97,341,3,0
C0338,5,13,2063.46,9,8,0
C0339,3,4,4717.44,202,2,1
C0340,33,25,192.1,107,6,1
C0341,20,20,538.56,146,10,1
C0342,32,10,5731.08,324,1,0
C0343,16,9,8539.67,363,3,0
C0344,44,2,2325.94,49,0,0
C0345,45,4,3912.48,121,6,1
C0346,28,6,9848.09,74,8,0
C0347,54,11,3094.97,149,0,0
C0348,22,15,6172.45,194,2,0
C0349,37,12,805.73,54,10,1
C0350,20,17,4298.55,19,6,0
C0351,50,14,7487.2,338,0,0
C0352,25,29,110.97,215,9,1
C0353,2,21,1083.84,135,9,1
C0354,43,11,2032.55,325,9,1
C0355,7,30,8237.12,195,2,0
C0356,18,3,9645.82,214,6,1
C0357,41,16,5479.6,148,5,0
C0358,56,30,2247.45,76,1,0
C0359,4,28,1818.11,350,4,0
C0360,14,25,5272.08,100,5,0
C0361,17,28,8362.81,236,1,0
C0362,42,30,202.35,238,2,0
C0363,24,1,1730.86,339,10,1
C0364,2,12,6405.01,16,6,0
C0365,7,9,5431.84,120,3,0
C0366,50,4,5021.18,42,4,0
C0367,49,11,3600.48,34,2,0
C0368,52,28,5546.41,85,4,0
C0369,38,6,1608.31,93,8,1
C0370,43,29,5511.3,183,10,1
C0371,12,2,5114.66,349,5,1
C0372,9,4,8455.19,201,8,1
C0373,1,4,9723.28,81,6,1
C0374,39,14,1704.13,24,5,0
C0375,31,24,2318.33,365,2,0
C0376,59,20,680.39,308,4,0
C0377,16,27,9643.93,87,5,1
C0378,49,6,4889.12,308,6,1
C0379,53,5,7893.86,123,8,1
C0380,15,17,9604.81,152,0,0
C0381,60,22,8405.88,247,10,1
C0382,26,12,2606.06,306,9,1
C0383,38,9,1585.88,288,5,0
C0384,2,7,2286.41,14,8,0
C0385,17,27,1005.49,285,6,1
C0386,42,8,8303.41,303,10,1
C0387,3,17,3227.27,11,5,0
C0388,49,27,2760.2,344,8,1
C0389,55,16,6624.87,172,9,1
C0390,2,27,3183.78,286,2,0
C0391,30,16,1745.43,31,9,0
C0392,17,10,2608.7,294,3,0
C0393,45,3,4743.07,249,4,1
C0394,55,23,148.36,103,4,0
C0395,34,22,8902.16,353,4,0
C0396,34,13,3329.06,250,3,0
C0397,50,9,6008.81,208,6,1
C0398,1,15,1394.25,202,6,1
C0399,47,2,7686.5,241,4,1
C0400,7,5,116.47,55,8,1
C0401,28,17,5962.41,257,10,1
C0402,10,12,8409.93,68,8,0
C0403,38,21,2856.29,157,3,0
C0404,50,12,1213.82,10,2,0
C0405,50,23,3319.66,226,5,0
C0406,59,14,4216.42,149,8,1
C0407,60,2,2209.43,51,6,1
C0408,13,13,4725.31,36,7,0
C0409,17,27,6492.88,35,3,0
C0410,32,13,8869.74,81,9,0
C0411,33,8,7570.86,113,0,0
C0412,40,25,9781.87,124,9,1
C0413,24,5,7417.95,204,0,0
C0414,35,12,1922.65,308,8,1
C0415,54,15,8802.66,149,0,0
C0416,17,20,8106.32,251,4,0
C0417,22,9,7288.76,104,10,1
C0418,56,21,4522.8,238,0,0
C0419,38,20,446.52,214,7,1
C0420,35,3,6051.39,187,6,1
C0421,56,11,5770.89,231,3,0
C0422,7,25,9298.16,340,3,0
C0423,17,1,3464.07,106,6,1
C0424,35,29,8496.74,298,1,0
C0425,34,28,7470.89,151,1,0
C0426,32,29,3172.03,320,10,1
C0427,18,29,2185.04,243,2,0
C0428,58,22,5053.46,260,7,1
C0429,43,15,8028.67,347,6,1
C0430,60,19,5902.53,199,5,0
C0431,12,8,4131.29,158,1,0
C0432,17,18,8597.16,226,8,1
C0433,59,23,4224.81,57,2,0
C0434,52,16,6957.68,282,1,0
C0435,10,27,7713.48,61,2,0
C0436,49,18,6256.74,274,8,1
C0437,24,30,6502.81,133,9,1
C0438,44,19,686.61,208,0,0
C0439,19,4,7204.47,179,10,1
C0440,36,25,3380.61,189,3,0
C0441,15,2,7076.26,143,3,1
C0442,30,29,4192.46,64,8,0
C0443,37,13,9710.88,12,7,0
C0444,28,25,6241.42,131,4,0
C0445,60,28,1000.01,157,0,1
C0446,48,24,2753.7,228,5,0
C0447,10,8,7753.54,63,0,0
C0448,20,25,451.48,311,7,1
C0449,11,19,4140.68,83,2,0
C0450,33,22,8988.84,157,2,0
C0451,14,24,2710.41,302,7,1
C0452,37,27,7421.47,77,5,0
C0453,55,21,9201.02,246,3,0
C0454,27,21,8248.9,165,4,0
C0455,24,17,9018.29,237,8,1
C0456,45,22,9676.91,125,10,1
C0457,31,30,715.92,31,5,0
C0458,38,24,6973.79,182,10,1
C0459,46,19,598.68,221,7,1
C0460,30,4,5604.54,100,6,1
C0461,1,25,6370.03,244,4,0
C0462,45,1,2608.99,81,5,0
C0463,51,2,515.08,62,3,0
C0464,27,22,3998.62,254,7,1
C0465,23,5,4828.95,1,7,0
C0466,10,29,4506.41,362,7,1
C0467,7,15,4328.25,167,0,0
C0468,51,25,2991.51,357,7,1
C0469,11,19,7220.97,13,4,0
C0470,36,21,1051.88,209,7,1
C0471,26,5,9332.58,86,7,1
C0472,48,12,3154.51,37,6,0
C0473,15,19,714.12,262,4,0
C0474,18,29,4850.8,172,6,1
C0475,4,27,2863.46,240,8,1
C0476,11,21,495.79,105,6,1
C0477,40,1,3938.27,56,5,0
C0478,45,12,376.5,95,6,1
C0479,59,3,2413.7,16,9,1
C0480,56,16,2303.03,70,2,0
C0481,44,2,8164.6,365,6,1
C0482,25,15,4382.5,166,4,0
C0483,21,8,7372.04,92,4,0
C0484,42,4,6931.48,211,9,1
C0485,18,8,3382.65,360,2,0
C0486,33,24,4371.64,38,7,0
C0487,1,12,5562.5,35,3,0
C0488,34,2,9538.03,232,3,1
C0489,12,4,2274.6,228,8,1
C0490,49,30,9130.56,287,6,1
C0491,19,12,3355.87,191,2,0
C0492,21,4,350.22,6,5,0
C0493,32,1,3673.49,81,9,1
C0494,24,2,5643.19,273,7,1
C0495,57,26,2706.02,48,2,0
C0496,22,30,6752.62,299,8,1
C0497,38,14,6575.21,163,8,1
C0498,26,20,1547.17,205,3,0
C0499,2,2,3859.61,96,5,1
C0500,43,12,675.94,45,7,0
C0501,38,28,7565.13,356,5,0
C0502,38,7,4772.49,267,4,0
C0503,14,3,8359.35,89,7,1
C0504,52,7,2707.83,129,5,0
C0505,2,22,708.07,253,6,1
C0506,45,6,1164.39,138,6,1
C0507,49,3,3997.28,350,6,1
C0508,5,11,1529.54,359,6,1
C0509,50,11,2520.2,73,2,0
C0510,51,9,9034.33,231,0,0
C0511,33,4,9803.24,2,1,0
C0512,45,4,1719.85,227,1,1
C0513,40,18,5375.68,23,8,0
C0514,43,9,2500.27,155,8,1
C0515,43,25,9177.28,332,1,0
C0516,58,13,5177.5,250,9,1
C0517,16,1,7291.89,267,0,1
C0518,21,17,5441.31,304,9,1
C0519,56,1,3330.52,336,8,1
C0520,3,18,1251.35,9,3,0
C0521,46,27,300.36,18,8,0
C0522,8,23,7231.04,25,5,0
C0523,46,8,3445.68,329,8,1
C0524,47,27,6590.05,303,9,1
C0525,3,21,1884.56,55,3,0
C0526,7,14,7031.47,292,4,0
C0527,57,5,9609.98,39,2,0
C0528,57,10,9061.89,230,6,1
C0529,50,9,1484.66,59,2,0
C0530,47,24,3499.83,269,3,0
C0531,11,2,4597.52,137,9,1
C0532,33,27,5622.0,135,9,1
C0533,58,23,7257.59,307,1,0
C0534,25,1,8626.7,77,0,0
C0535,6,24,8442.12,222,5,0
C0536,44,12,4979.59,62,6,0
C0537,32,28,8613.18,263,10,1
C0538,7,7,275.86,295,9,1
C0539,23,28,620.54,121,8,1
C0540,37,22,7550.33,149,10,1
C0541,7,13,2743.17,21,8,0
C0542,57,24,7079.1,289,5,0
C0543,57,5,7700.19,116,0,0
C0544,10,9,8938.79,283,7,1
C0545,25,9,985.55,96,6,1
C0546,7,29,2214.82,292,5,0
C0547,60,25,3662.24,129,5,0
C0548,8,17,7471.41,353,5,0
C0549,13,19,2491.73,19,8,0
C0550,18,21,8165.01,143,2,0
C0551,31,17,5327.49,290,8,1
C0552,60,17,1293.59,89,0,0
C0553,25,12,3839.86,101,2,0
C0554,59,20,4177.13,73,7,0
C0555,11,5,2437.93,276,3,0
C0556,12,16,3437.54,131,1,0
C0557,40,24,6093.0,177,5,0
C0558,31,27,5632.19,17,2,0
C0559,51,30,8227.93,69,8,1
C0560,56,15,4996.48,348,0,0
C0561,37,10,3660.4,10,2,0
C0562,43,25,5735.35,137,7,1
C0563,15,25,3679.31,110,4,0
C0564,57,27,6443.26,357,3,0
C0565,2,24,2208.78,123,1,0
C0566,28,27,6646.65,219,7,1
C0567,55,19,6389.63,218,6,1
C0568,41,16,9599.03,132,7,1
C0569,31,21,6365.76,27,1,0
C0570,56,2,2987.99,283,3,1
C0571,33,9,2506.65,240,8,1
C0572,12,13,227.54,44,10,0
C0573,31,23,4783.0,318,5,0
C0574,13,28,9335.29,145,2,0
C0575,14,19,2298.47,316,2,0
C0576,9,12,8856.47,253,7,1
C0577,29,25,1855.51,234,4,0
C0578,44,11,526.62,55,10,0
C0579,34,29,3475.54,48,1,0
C0580,19,17,3124.67,18,3,0
C0581,13,17,2341.41,203,8,1
C0582,32,18,8330.24,153,2,0
C0583,2,25,7493.39,342,4,0
C0584,58,23,6277.25,301,8,1
C0585,16,12,6650.7,305,4,0
C0586,31,2,8810.58,296,3,1
C0587,44,19,1817.7,175,3,0
C0588,41,2,1544.62,163,4,1
C0589,27,3,8529.13,365,10,1
C0590,46,21,4768.3,149,6,1
C0591,48,15,6466.2,269,10,1
C0592,51,3,5222.18,292,8,1
C0593,51,14,2191.73,213,1,0
C0594,56,19,3289.4,149,10,1
C0595,21,26,5878.46,361,1,0
C0596,36,11,7495.81,89,3,0
C0597,22,21,564.01,317,4,0
C0598,32,16,5730.93,71,6,0
C0599,33,30,7830.28,195,5,0
C0600,37,20,8784.7,348,7,1
C0601,37,3,7094.6,284,10,1
C0602,41,5,8110.4,70,0,1
C0603,46,21,1277.08,16,1,0
C0604,12,17,8179.12,342,6,1
C0605,39,2,3981.37,164,1,1
C0606,21,16,3267.46,175,1,0
C0607,38,25,7559.82,22,9,0
C0608,29,4,6343.04,344,0,1
C0609,43,17,128.83,136,10,1
C0610,23,17,6961.6,94,4,0
C0611,12,16,8585.19,329,4,0
C0612,47,23,5911.69,202,6,1
C0613,23,23,6609.34,318,4,0
C0614,13,28,496.49,177,1,0
C0615,38,15,1595.12,170,1,0
C0616,14,28,9105.35,106,3,0
C0617,28,15,3762.73,230,10,1
C0618,31,16,4470.56,129,2,0
C0619,54,25,3381.32,247,5,1
C0620,43,3,140.3,363,10,1
C0621,38,15,6012.69,132,0,0
C0622,31,3,6314.0,352,10,1
C0623,12,28,5124.55,212,1,0
C0624,37,20,400.54,136,6,1
C0625,26,29,7094.42,212,9,1
C0626,49,16,8333.62,140,7,1
C0627,10,26,8454.6,47,7,0
C0628,60,6,2933.82,118,5,0
C0629,33,22,8106.2,26,3,0
C0630,49,7,3899.23,294,5,0
C0631,57,12,3292.95,229,6,1
C0632,32,7,3235.75,6,7,0
C0633,49,3,7473.87,339,7,1
C0634,12,17,6901.3,335,9,1
C0635,20,26,4639.45,198,4,0
C0636,27,24,6800.37,37,2,0
C0637,6,9,6113.46,328,9,1
C0638,14,22,4078.59,122,1,0
C0639,26,6,8613.3,226,5,0
C0640,20,9,2268.5,20,9,0
C0641,41,20,8376.55,202,6,1
C0642,14,1,663.56,202,3,1
C0643,25,5,7124.51,61,0,0
C0644,5,13,2626.82,229,8,1
C0645,30,28,7422.62,365,10,1
C0646,4,28,3039.58,257,1,0
C0647,48,21,3671.26,101,7,1
C0648,48,21,9936.34,324,3,0
C0649,24,30,1642.91,322,2,0
C0650,39,11,5828.41,279,6,1
C0651,29,15,4714.69,32,5,0
C0652,34,19,5868.47,19,7,0
C0653,12,23,5898.76,310,6,1
C0654,39,25,6033.15,50,5,0
C0655,36,6,9740.84,245,0,1
C0656,9,19,2510.51,357,1,0
C0657,9,13,5117.68,100,7,1
C0658,53,9,4235.89,81,1,0
C0659,49,18,8450.85,148,1,0
C0660,31,3,6947.23,312,1,1
C0661,34,9,1769.18,321,10,1
C0662,24,3,7238.21,181,6,1
C0663,49,3,4755.57,342,5,1
C0664,22,18,6020.34,80,3,0
C0665,24,29,1339.98,280,5,0
C0666,43,1,8702.78,224,3,1
C0667,1,26,6685.64,76,8,0
C0668,46,6,6103.11,115,3,0
C0669,10,18,8545.92,270,9,1
C0670,32,4,3776.91,100,5,1
C0671,52,29,6006.34,210,4,0
C0672,11,14,5286.17,159,7,1
C0673,18,14,2805.96,185,5,1
C0674,44,5,8973.82,126,1,0
C0675,60,4,9987.17,181,10,1
C0676,4,17,5485.99,277,7,1
C0677,21,13,7413.34,180,0,0
C0678,22,18,1155.59,7,5,0
C0679,7,1,5642.02,329,8,1
C0680,57,22,8245.8,250,9,1
C0681,32,26,9663.68,130,7,1
C0682,28,3,5903.31,229,8,1
C0683,52,25,7312.24,219,6,1
C0684,13,27,3871.77,325,4,0
C0685,22,8,9363.42,120,4,0
C0686,29,9,7450.34,210,3,0
C0687,31,19,8946.94,76,2,0
C0688,60,23,4332.52,88,8,0
C0689,60,3,3482.03,93,3,1
C0690,32,10,2107.02,328,7,1
C0691,16,10,9870.08,26,5,0
C0692,8,20,2933.43,164,10,1
C0693,1,9,4758.72,214,0,0
C0694,56,30,6433.88,219,2,0
C0695,18,12,9497.28,250,7,1
C0696,16,14,3807.61,293,8,1
C0697,49,24,9361.25,298,1,0
C0698,6,15,7526.19,249,3,0
C0699,24,7,6159.28,331,8,1
C0700,34,12,5263.53,154,8,1
C0701,48,20,6846.05,178,10,1
C0702,56,12,4554.2,126,1,0
C0703,40,18,2568.99,135,4,0
C0704,47,20,9330.42,34,6,0
C0705,37,11,1851.85,246,4,0
C0706,31,9,2408.18,328,2,0
C0707,15,17,2777.94,234,7,1
C0708,24,13,9029.52,38,9,0
C0709,36,25,5649.71,266,7,1
C0710,22,12,4953.12,343,8,1
C0711,55,8,1311.99,96,9,1
C0712,3,21,7800.77,31,5,0
C0713,21,10,3539.27,59,7,0
C0714,21,18,3674.99,17,5,0
C0715,5,19,2279.97,156,2,0
C0716,9,28,6594.19,241,1,0
C0717,13,20,2381.21,29,6,0
C0718,13,12,8778.96,100,5,0
C0719,31,11,9330.39,300,10,1
C0720,35,1,5724.7,81,8,1
C0721,12,24,7054.06,305,6,1
C0722,59,1,5277.21,287,7,1
C0723,49,21,3285.9,241,8,1
C0724,42,28,5542.7,360,7,1
C0725,13,15,8526.8,218,3,1
C0726,60,16,4583.78,298,10,1
C0727,53,17,7261.11,224,6,1
C0728,27,1,5713.73,337,9,1
C0729,32,17,8113.62,172,0,0
C0730,49,2,6876.87,150,4,1
C0731,24,22,511.37,361,2,0
C0732,11,20,8952.42,14,10,0
C0733,60,15,6140.93,364,2,0
C0734,10,13,3589.14,230,8,1
C0735,11,12,2932.01,122,0,0
C0736,20,22,830.17,180,6,1
C0737,32,4,723.49,227,5,1
C0738,14,19,5533.9,227,2,0
C0739,41,11,5558.48,303,8,1
C0740,30,22,391.27,260,10,1
C0741,33,10,121.1,169,5,0
C0742,45,18,8073.82,187,3,0
C0743,22,20,6285.23,73,6,0
C0744,56,20,9458.29,18,7,0
C0745,2,12,866.61,98,0,0
C0746,27,15,1857.64,66,8,0
C0747,25,18,2461.2,231,0,0
C0748,12,16,8657.27,267,5,0
C0749,37,29,8151.51,80,1,0
C0750,47,19,1747.96,44,3,0
C0751,31,8,75.1,219,3,0
C0752,54,17,3751.19,111,0,0
C0753,17,22,9217.22,105,6,1
C0754,50,30,7641.44,64,6,0
C0755,13,18,3976.92,173,10,1
C0756,27,2,9346.36,244,7,1
C0757,24,30,3531.47,183,7,1
C0758,51,8,7363.38,168,4,0
C0759,1,11,9437.25,328,10,1
C0760,57,15,4839.84,338,2,0
C0761,1,10,439.04,169,8,1
C0762,42,20,7387.01,281,1,1
C0763,35,30,3235.56,167,8,1
C0764,29,5,2151.74,249,8,1
C0765,19,25,3629.9,242,10,1
C0766,10,2,5287.63,79,4,0
C0767,2,26,2898.27,190,0,0
C0768,48,30,7639.12,297,3,0
C0769,25,1,5253.82,61,6,1
C0770,50,22,8230.27,45,5,0
C0771,41,13,9693.61,46,3,0
C0772,2,23,2791.15,340,10,1
C0773,23,2,468.82,160,5,1
C0774,36,10,387.47,329,8,1
C0775,38,5,1344.72,245,0,0
C0776,58,19,6248.56,20,10,0
C0777,39,26,3112.12,124,5,0
C0778,23,24,6975.32,333,8,1
C0779,3,30,6793.57,336,6,1
C0780,14,18,2214.47,150,7,1
C0781,9,28,1689.19,186,5,0
C0782,59,24,1017.92,20,8,0
C0783,16,12,692.98,152,10,1
C0784,43,6,2643.32,332,10,1
C0785,56,26,6145.12,364,6,1
C0786,26,23,2515.46,312,0,0
C0787,47,2,2635.51,109,9,1
C0788,59,23,5510.29,140,8,1
C0789,56,25,5460.14,214,7,1
C0790,41,6,8429.58,54,4,1
C0791,37,13,1139.42,225,0,0
C0792,33,15,2147.03,255,0,0
C0793,33,4,8881.02,209,8,1
C0794,59,18,1071.34,10,3,0
C0795,35,10,3828.29,56,10,0
C0796,7,12,593.76,196,4,0
C0797,60,14,3881.3,79,5,0
C0798,8,5,8667.51,113,6,1
C0799,7,5,4441.68,304,8,1
C0800,29,13,1763.54,83,9,0
C0801,32,26,7468.78,300,4,0
C0802,24,2,5575.96,324,9,1
C0803,42,17,6188.11,232,1,0
C0804,15,21,2243.69,173,7,1
C0805,7,30,4271.8,143,2,0
C0806,53,3,2687.3,130,7,1
C0807,6,29,4203.06,19,4,0
C0808,7,12,1894.28,134,4,0
C0809,44,22,5027.24,325,2,0
C0810,51,14,7398.48,147,5,0
C0811,43,22,8400.83,59,3,0
C0812,53,15,5599.16,131,9,1
C0813,33,16,8293.49,70,0,0
C0814,52,18,8089.35,228,3,0
C0815,60,11,7372.63,160,2,0
C0816,43,14,74.19,249,4,0
C0817,8,10,4393.75,139,0,0
C0818,28,23,1283.54,181,3,0
C0819,21,12,3447.79,45,8,0
C0820,53,14,7212.73,46,3,0
C0821,8,28,6894.91,177,1,0
C0822,37,22,3548.14,68,10,0
C0823,10,28,4838.37,4,5,0
C0824,35,17,6404.2,262,4,0
C0825,34,30,1760.63,7,7,0
C0826,5,5,3943.35,106,4,1
C0827,43,6,6582.92,109,7,1
C0828,34,30,1097.94,128,2,0
C0829,11,15,2512.21,80,6,0
C0830,29,30,7223.96,225,4,0
C0831,40,11,9119.63,261,1,0
C0832,55,10,7635.05,276,7,1
C0833,41,23,4605.15,151,9,1
C0834,44,5,9757.53,149,4,0
C0835,13,26,775.59,214,7,1
C0836,23,21,8854.02,81,6,0
C0837,17,23,8159.08,3,10,0
C0838,26,21,4255.79,225,10,1
C0839,33,7,7644.4,17,3,0
C0840,8,29,7145.99,106,1,0
C0841,39,1,3448.36,155,0,1
C0842,59,7,5568.05,274,3,0
C0843,7,21,3223.04,341,1,0
C0844,7,13,4058.01,277,0,0
C0845,28,5,5400.57,62,9,0
C0846,34,27,6946.58,315,10,1
C0847,56,12,9552.61,37,1,0
C0848,50,29,6698.1,124,9,1
C0849,31,18,9095.43,185,7,1
C0850,16,9,8100.74,163,9,1
C0851,52,3,263.81,194,6,1
C0852,1,17,4231.38,94,3,0
C0853,23,2,2932.55,20,2,0
C0854,42,6,8106.9,160,7,1
C0855,36,21,6070.99,75,5,0
C0856,51,18,9931.64,75,6,0
C0857,7,26,7774.68,173,0,0
C0858,9,3,650.44,149,0,1
C0859,5,11,8671.16,315,9,1
C0860,32,30,6533.53,203,2,0
C0861,57,17,689.74,289,9,1
C0862,31,21,3570.49,217,8,1
C0863,26,14,9331.15,26,8,0
C0864,36,3,7639.86,286,10,1
C0865,60,6,1181.42,22,7,0
C0866,31,7,586.47,352,7,1
C0867,6,30,2841.71,102,9,1
C0868,2,7,6210.25,309,2,1
C0869,4,11,8462.91,341,6,1
C0870,12,13,7971.11,247,0,0
C0871,42,30,2881.23,147,8,1
C0872,53,11,8933.49,230,9,1
C0873,34,23,5365.9,272,9,1
C0874,11,3,2348.81,237,3,1
C0875,35,4,8903.09,90,2,0
C0876,53,7,1770.56,295,7,1
C0877,43,22,1787.81,168,4,1
C0878,19,19,6724.13,347,3,0
C0879,55,29,2992.61,189,4,0
C0880,6,17,5393.2,160,5,0
C0881,30,18,568.51,244,10,1
C0882,54,27,5761.19,139,6,1
C0883,14,13,4140.36,307,8,1
C0884,16,16,8430.59,185,10,1
C0885,42,12,6500.82,144,5,0
C0886,35,16,3640.66,7,7,0
C0887,3,20,5831.52,97,1,0
C0888,10,4,6319.99,40,3,0
C0889,38,23,5028.23,145,3,0
C0890,8,26,7585.76,345,6,1
C0891,38,14,2683.19,60,0,0
C0892,26,1,951.82,317,10,1
C0893,13,30,9190.05,168,2,1
C0894,60,14,1705.49,90,6,0
C0895,37,7,818.76,199,4,0
C0896,25,13,8386.9,117,3,0
C0897,7,10,572.22,282,2,0
C0898,1,3,4779.82,354,7,1
C0899,8,20,7949.8,152,5,0
C0900,48,9,509.7,57,9,0
C0901,37,12,336.97,38,9,0
C0902,1,1,8422.98,171,6,1
C0903,50,15,7989.35,120,10,1
C0904,23,6,8035.56,116,5,0
C0905,6,16,8007.76,123,5,0
C0906,8,8,6538.99,15,2,0
C0907,52,30,9727.79,193,7,1
C0908,7,2,3998.68,168,6,1
C0909,2,6,2983.79,86,3,0
C0910,29,15,4465.76,42,10,0
C0911,3,12,4734.65,256,5,0
C0912,9,23,4985.1,350,9,1
C0913,60,20,8478.05,253,10,1
C0914,50,12,1673.99,63,5,0
C0915,59,17,6263.24,269,9,1
C0916,52,23,1197.69,284,3,0
C0917,7,11,8664.4,59,1,0
C0918,11,24,2667.79,81,4,0
C0919,33,10,9940.31,157,6,1
C0920,29,7,789.91,345,3,0
C0921,60,24,4726.13,136,1,0
C0922,60,1,6839.81,206,9,1
C0923,21,10,9051.73,163,10,1
C0924,4,18,3551.24,3,3,0
C0925,58,4,6512.81,47,7,1
C0926,26,29,9068.25,237,0,0
C0927,14,21,8774.54,59,1,0
C0928,29,7,5345.97,47,10,0
C0929,41,27,6517.27,233,2,1
C0930,16,11,4727.78,195,5,0
C0931,28,9,171.54,33,9,0
C0932,50,28,6517.1,163,4,0
C0933,50,13,7241.84,364,7,1
C0934,36,27,9594.71,149,1,0
C0935,56,9,2097.46,353,2,0
C0936,43,23,9867.93,36,1,0
C0937,31,11,8782.62,338,6,1
C0938,28,5,2783.77,271,2,0
C0939,54,2,6460.0,151,2,1
C0940,48,3,7976.12,217,8,1
C0941,17,13,595.4,266,9,1
C0942,52,12,1023.07,360,5,0
C0943,16,9,9197.53,217,6,1
C0944,21,5,693.06,254,4,0
C0945,21,7,7624.44,120,1,0
C0946,49,28,2739.85,162,0,0
C0947,50,11,6473.46,148,1,0
C0948,57,7,4784.26,335,1,0
C0949,42,22,2941.48,218,3,0
C0950,49,22,168.22,255,8,1
C0951,39,28,6855.22,328,7,1
C0952,35,14,5787.2,351,5,0
C0953,25,2,1159.19,270,3,1
C0954,1,9,1109.45,345,5,0
C0955,18,21,2870.63,157,7,1
C0956,16,8,2711.27,115,5,0
C0957,54,21,8572.69,241,3,0
C0958,39,16,392.56,341,6,1
C0959,33,25,3634.5,186,3,0
C0960,52,27,7038.75,164,0,0
C0961,1,26,5656.91,243,0,0
C0962,48,4,5207.48,319,6,1
C0963,36,19,6980.49,138,10,1
C0964,2,24,6220.53,87,9,1
C0965,47,26,6589.16,182,0,0
C0966,31,30,5726.65,258,1,0
C0967,29,24,1575.52,204,8,1
C0968,4,13,9465.95,311,9,1
C0969,41,29,1760.52,40,6,0
C0970,7,3,5988.43,138,0,1
C0971,52,23,7224.54,326,6,1
C0972,12,24,4905.28,331,9,1
C0973,2,17,9771.89,336,0,0
C0974,52,7,935.85,63,2,0
C0975,53,4,4630.48,299,5,1
C0976,39,5,8788.06,77,2,0
C0977,6,6,3326.77,249,7,1
C0978,9,12,72.98,354,3,0
C0979,23,25,8924.6,64,6,0
C0980,30,23,1205.47,134,1,0
C0981,51,6,4993.21,363,7,1
C0982,13,5,2055.42,334,7,1
C0983,15,23,4926.24,131,2,0
C0984,7,22,8964.12,78,0,0
C0985,12,2,4420.91,123,7,1
C0986,17,4,3727.68,261,7,1
C0987,5,20,7103.65,148,2,0
C0988,56,22,3326.4,291,2,0
C0989,55,26,3333.57,329,0,0
C0990,37,12,3620.99,351,8,1
C0991,32,16,6097.56,362,9,1
C0992,15,13,2989.06,94,7,1
C0993,14,15,5870.46,233,2,0
C0994,47,21,1040.47,349,1,0
C0995,10,3,2431.57,54,1,0
C0996,41,3,2431.83,107,0,1
C0997,7,1,4780.47,97,5,1
C0998,49,22,491.3,134,6,1
C0999,37,9,9549.05,148,1,0
C1000,9,27,7306.38,93,3,0
C1001,59,2,5599.27,128,8,1
C1002,49,11,8870.52,243,0,0
C1003,49,25,7209.41,156,3,0
C1004,54,4,2523.09,7,8,1
C1005,23,18,8785.86,266,3,0
C1006,11,4,2290.65,58,6,1
C1007,53,24,5561.24,72,6,0
C1008,34,1,6191.85,306,3,1
C1009,29,3,3755.15,320,3,1
C1010,5,30,4518.94,279,4,0
C1011,39,18,5613.16,127,8,1
C1012,1,7,4470.42,143,10,1
C1013,29,29,7417.27,119,8,1
C1014,8,4,2272.15,107,7,1
C1015,4,22,2539.56,137,6,1
C1016,11,10,8431.02,161,4,1
C1017,55,16,8829.2,8,0,0
C1018,15,30,3592.97,333,8,1
C1019,34,5,8547.86,136,8,1
C1020,47,4,6688.0,262,0,1
C1021,43,18,8120.7,290,10,1
C1022,48,8,5198.87,165,0,0
C1023,9,24,9111.44,144,7,1
C1024,31,19,9754.1,85,5,0
C1025,48,12,2230.86,36,5,0
C1026,19,4,3245.22,121,3,1
C1027,48,2,4490.17,9,6,1
C1028,27,14,6826.58,253,0,0
C1029,43,23,4045.81,120,1,0
C1030,51,3,7200.4,357,1,1
C1031,7,19,3357.27,113,0,0
C1032,32,7,7277.65,98,4,0
C1033,15,16,4954.3,40,7,1
C1034,14,16,5743.75,334,3,1
C1035,7,26,5407.6,71,0,0
C1036,19,30,3742.13,67,0,0
C1037,52,4,3941.98,139,7,1
C1038,45,10,1313.44,221,8,1
C1039,18,30,4807.91,76,5,0
C1040,59,11,653.17,218,5,0
C1041,37,22,6078.75,172,3,0
C1042,59,15,6261.5,62,2,1
C1043,29,6,9069.93,18,9,0
C1044,36,27,6631.26,310,0,0
C1045,21,23,9754.27,165,0,0
C1046,35,4,5705.28,213,8,1
C1047,56,26,9378.5,135,4,0
C1048,21,23,4494.65,357,8,1
C1049,50,3,8252.5,229,4,1
C1050,19,6,384.48,162,4,0
C1051,41,12,9046.63,190,10,1
C1052,21,14,4869.24,144,0,0
C1053,12,2,1214.58,202,10,1
C1054,32,26,3193.79,306,10,1
C1055,16,2,9251.32,13,1,0
C1056,17,28,6295.33,156,0,0
C1057,41,18,569.02,323,7,1
C1058,2,19,768.0,131,4,0
C1059,23,10,5215.51,3,0,1
C1060,57,10,422.23,150,6,1
C1061,17,28,3619.91,320,7,1
C1062,25,17,7929.75,152,8,1
C1063,52,15,3542.52,185,6,1
C1064,2,10,9935.56,283,9,1
C1065,39,5,8603.79,203,6,1
C1066,9,11,4462.66,31,1,0
C1067,34,2,6981.97,309,5,1
C1068,48,3,937.31,260,1,1
C1069,11,22,8929.89,197,5,0
C1070,43,12,645.79,346,1,0
C1071,22,20,273.83,124,1,0
C1072,2,15,8686.78,37,7,0
C1073,41,14,6853.44,247,7,1
C1074,55,25,9707.83,339,6,1
C1075,57,7,8194.66,52,10,1
C1076,58,8,7780.09,81,3,0
C1077,30,13,4744.51,84,5,0
C1078,25,4,4162.28,131,4,1
C1079,18,13,5957.46,145,5,0
C1080,42,17,6089.04,93,4,0
C1081,6,22,5445.31,95,8,1
C1082,58,25,719.74,46,3,0
C1083,41,5,2754.97,350,10,1
C1084,18,25,4956.48,365,9,1
C1085,53,23,1613.33,297,7,1
C1086,48,23,3279.92,295,1,0
C1087,18,30,8352.51,272,9,1
C1088,20,1,8896.25,295,10,1
C1089,20,13,3430.58,279,4,0
C1090,16,29,9706.34,297,2,0
C1091,19,18,7427.44,258,7,1
C1092,36,1,6458.0,245,3,1
C1093,31,13,6677.49,345,7,1
C1094,27,26,2583.7,293,7,1
C1095,60,7,4555.01,24,5,0
C1096,55,5,3538.58,289,1,0
C1097,30,4,4263.37,276,9,1
C1098,29,10,4443.32,235,6,1
C1099,28,23,9506.45,30,9,0
C1100,8,20,1937.78,187,2,0
C1101,17,5,3457.99,337,10,1
C1102,40,7,1176.58,223,9,1
C1103,32,28,9287.08,8,8,0
C1104,27,25,8580.65,164,9,1
C1105,8,1,6302.09,335,6,1
C1106,47,26,2164.94,303,10,1
C1107,43,27,9803.88,249,0,0
C1108,55,9,7861.72,245,7,1
C1109,59,27,9943.86,140,0,0
C1110,29,28,8482.12,29,2,0
C1111,48,1,6987.26,185,5,1
C1112,19,9,6196.14,19,10,0
C1113,40,23,6248.71,276,5,0
C1114,21,5,3733.51,323,3,0
C1115,59,9,9341.24,282,4,0
C1116,47,11,7109.71,336,7,1
C1117,25,27,9398.29,345,6,1
C1118,14,8,8289.35,354,4,0
C1119,1,23,9051.59,171,0,0
C1120,58,11,9522.54,6,10,0
C1121,31,30,7350.62,67,8,0
C1122,45,25,1471.96,200,9,1
C1123,21,22,5099.72,285,7,1
C1124,4,23,5575.46,140,2,0
C1125,42,14,8178.22,12,3,0
C1126,28,26,6120.77,16,10,0
C1127,30,14,6829.37,157,4,0
C1128,42,29,7714.23,147,3,0
C1129,3,2,9607.03,309,6,1
C1130,52,4,4351.9,115,7,1
C1131,32,28,7820.25,349,8,1
C1132,17,5,2818.03,55,6,0
C1133,37,3,5884.87,200,3,1
C1134,44,14,5840.32,12,10,0
C1135,12,11,6093.48,177,0,0
C1136,39,3,3519.4,314,7,1
C1137,34,2,4829.56,261,2,1
C1138,14,2,4808.58,24,0,0
C1139,13,7,7554.43,158,9,1
C1140,2,5,2124.58,246,4,0
C1141,54,14,5763.47,90,4,0
C1142,7,18,87.62,357,6,1
C1143,44,19,6405.15,313,9,1
C1144,8,4,6466.37,90,9,1
C1145,55,10,4234.27,135,0,0
C1146,7,18,1599.11,237,9,1
C1147,58,4,2668.52,183,9,1
C1148,23,4,9773.98,335,2,1
C1149,2,26,1926.23,119,9,1
C1150,53,29,7506.0,31,5,0
C1151,25,14,6815.76,331,9,1
C1152,17,5,2207.59,149,3,0
C1153,14,24,4842.63,347,4,0
C1154,34,17,3034.1,125,7,1
C1155,47,16,2451.15,322,8,1
C1156,41,25,3278.81,125,0,0
C1157,47,6,8748.29,244,2,0
C1158,6,15,5775.78,39,6,0
C1159,3,27,3333.57,102,2,0
C1160,40,20,1499.61,336,10,1
C1161,20,22,7751.55,262,3,0
C1162,10,13,9543.98,237,7,1
C1163,38,29,2443.9,262,10,1
C1164,34,19,8329.54,305,1,0
C1165,55,17,9676.85,227,2,0
C1166,31,9,5003.74,276,6,1
C1167,59,20,880.48,151,0,0
C1168,46,28,8576.45,85,9,0
C1169,40,26,3839.94,94,4,0
C1170,21,16,2243.0,341,8,1
C1171,4,5,231.58,11,4,0
C1172,58,1,4628.91,53,9,1
C1173,5,5,5971.66,144,3,0
C1174,16,15,609.48,93,6,1
C1175,24,15,5314.63,52,4,0
C1176,15,26,3608.17,16,1,0
C1177,24,7,9031.26,339,1,1
C1178,8,24,3266.83,155,5,0
C1179,54,8,9546.2,47,3,0
C1180,45,2,7252.8,34,10,1
C1181,45,15,2788.56,98,1,0
C1182,29,12,4177.79,15,7,0
C1183,1,6,9440.01,362,7,1
C1184,14,15,2170.09,305,7,1
C1185,52,21,6606.7,43,0,0
C1186,57,10,5678.52,212,2,0
C1187,52,18,6184.98,81,2,0
C1188,44,29,2647.72,1,6,0
C1189,34,13,3379.66,355,9,1
C1190,28,30,4058.46,88,10,0
C1191,6,9,2533.03,278,0,0
C1192,54,16,880.43,286,0,0
C1193,3,10,3422.67,43,5,0
C1194,60,3,7091.93,293,5,1
C1195,40,30,8947.86,322,6,1
C1196,4,27,9643.04,247,6,1
C1197,39,25,1945.88,360,4,0
C1198,49,16,9967.06,311,6,1
C1199,27,2,8481.1,132,8,1
C1200,54,29,3356.26,77,5,0
C1201,1,27,2769.98,92,4,0
C1202,17,25,616.12,303,4,0
C1203,45,17,4179.56,57,7,0
C1204,17,29,1103.64,266,2,0
C1205,32,4,7943.68,154,8,1
C1206,36,27,7897.93,196,0,0
C1207,36,1,9475.14,291,7,1
C1208,43,26,8634.95,182,7,1
C1209,3,18,1745.52,252,8,1
C1210,25,28,9576.86,24,4,0
C1211,19,3,9027.97,143,2,1
C1212,40,30,2642.74,75,6,0
C1213,41,1,5323.85,32,5,0
C1214,5,11,8200.44,117,7,1
C1215,43,17,6596.36,91,6,1
C1216,33,9,8783.77,228,0,0
C1217,17,3,4139.26,289,10,1
C1218,33,4,2983.39,3,7,1
C1219,25,22,5412.78,225,10,1
C1220,1,2,4320.28,40,4,0
C1221,24,19,4750.46,344,3,0
C1222,42,26,4701.9,211,1,0
C1223,21,9,1258.91,236,1,0
C1224,2,26,4968.42,8,1,0
C1225,56,15,3511.24,57,8,0
C1226,1,29,4515.34,243,8,1
C1227,17,6,5093.69,189,5,0
C1228,7,17,6270.06,248,7,1
C1229,52,2,4363.01,250,2,1
C1230,45,3,6060.92,82,2,0
C1231,15,10,5882.64,61,4,0
C1232,41,19,7965.73,57,5,0
C1233,12,24,3667.26,249,8,1
C1234,15,7,4257.11,238,4,0
C1235,4,29,5262.58,296,1,0
C1236,50,2,3485.66,300,4,1
C1237,52,10,6896.33,322,6,1
C1238,38,24,8481.3,277,0,0
C1239,43,25,1693.46,208,2,0
C1240,14,14,1005.56,8,8,0
C1241,10,12,4934.35,337,0,0
C1242,55,13,8756.2,87,0,0
C1243,26,23,2447.53,32,3,0
C1244,60,11,6209.6,319,1,0
C1245,26,15,8995.16,40,6,0
C1246,10,19,4088.4,178,8,1
C1247,56,13,9240.74,99,6,1
C1248,55,2,1370.9,185,3,1
C1249,56,13,5158.65,97,2,0
C1250,40,5,1819.0,142,5,1
C1251,36,30,245.22,315,4,1
C1252,29,18,8017.53,238,3,0
C1253,58,21,8627.83,255,1,0
C1254,35,30,2040.89,148,1,0
C1255,4,21,94.43,200,5,0
C1256,33,10,9923.4,124,9,1
C1257,15,1,7576.85,142,6,1
C1258,4,8,7030.55,161,10,1
C1259,46,14,63.05,274,9,1
C1260,45,28,9519.72,255,0,0
C1261,37,28,8498.74,126,7,1
C1262,24,20,7978.18,146,4,0
C1263,40,2,6372.75,162,8,1
C1264,53,8,623.97,241,0,0
C1265,42,17,5790.65,82,7,0
C1266,24,4,9977.98,3,10,1
C1267,50,2,3240.38,323,0,1
C1268,58,28,1226.77,320,8,1
C1269,60,11,9159.79,169,4,0
C1270,58,18,5104.03,1,8,0
C1271,32,10,292.4,82,8,0
C1272,21,26,76.55,84,5,0
C1273,12,1,3735.99,72,8,1
C1274,24,3,3230.05,190,0,1
C1275,8,7,3328.29,130,7,1
C1276,6,3,8019.7,284,8,1
C1277,31,22,7619.65,177,0,0
C1278,8,7,9834.69,319,1,0
C1279,41,9,923.54,13,5,0
C1280,53,10,1063.19,12,0,0
C1281,41,30,465.06,141,5,0
C1282,28,19,6056.89,109,3,0
C1283,10,16,4101.3,320,2,0
C1284,25,18,5738.86,299,4,0
C1285,33,15,8381.78,104,0,0
C1286,10,22,3727.84,105,9,1
C1287,4,13,9788.66,188,6,1
C1288,13,14,8121.43,225,1,0
C1289,54,27,8484.18,105,7,1
C1290,14,20,8460.92,316,1,0
C1291,21,18,9885.23,36,9,0
C1292,28,13,5807.09,98,6,1
C1293,20,7,9680.81,180,10,1
C1294,45,7,886.18,157,5,0
C1295,39,26,2835.49,216,8,1
C1296,49,4,3713.19,279,9,1
C1297,21,4,9165.66,196,3,1
C1298,51,21,9294.41,56,8,0
C1299,36,19,4815.28,211,3,0
C1300,44,25,511.37,102,0,0
C1301,52,27,2141.4,114,8,1
C1302,34,21,7601.06,54,10,0
C1303,1,25,1494.5,14,9,0
C1304,43,5,4981.81,133,0,1
C1305,20,8,7759.09,280,6,1
C1306,60,13,4315.98,156,7,1
C1307,3,26,5021.46,79,6,1
C1308,11,15,3179.06,260,9,1
C1309,27,14,2065.25,258,0,0
C1310,32,7,5322.66,285,8,1
C1311,10,7,1939.58,23,9,0
C1312,6,20,7981.57,298,8,1
C1313,11,10,4668.21,26,10,0
C1314,24,4,5260.2,203,2,1
C1315,7,1,5656.26,339,10,1
C1316,57,26,6578.59,212,3,0
C1317,34,30,9852.7,90,8,0
C1318,5,29,4265.0,294,6,1
C1319,1,1,3815.1,205,8,1
C1320,44,30,5259.62,82,7,0
C1321,20,24,8662.59,190,2,0
C1322,18,13,3259.13,12,6,0
C1323,5,22,4523.39,69,2,0
C1324,7,22,6130.91,234,9,1
C1325,29,1,2208.59,22,8,1
C1326,4,17,2160.67,287,0,0
C1327,59,28,3490.17,133,4,0
C1328,30,18,5756.48,140,8,1
C1329,16,7,2587.03,163,8,1
C1330,25,30,6935.91,325,2,0
C1331,12,4,2204.69,344,8,1
C1332,45,1,4252.45,217,6,1
C1333,20,2,3235.76,328,9,1
C1334,57,19,4791.52,351,4,0
C1335,2,17,5012.06,285,0,0
C1336,14,15,5264.18,329,5,0
C1337,54,8,4416.21,65,6,0
C1338,56,17,5298.65,12,4,0
C1339,6,11,7875.87,164,7,1
C1340,35,21,1029.39,324,7,1
C1341,13,23,824.37,86,1,0
C1342,43,11,3907.59,71,4,0
C1343,39,9,9656.5,130,3,0
C1344,8,16,9761.52,82,7,0
C1345,52,2,3550.98,316,7,1
C1346,27,14,1391.88,271,4,0
C1347,59,30,4433.28,141,6,1
C1348,17,29,184.85,59,5,0
C1349,19,14,9706.72,72,1,0
C1350,45,16,5134.43,163,6,1
C1351,22,21,1295.89,176,10,1
C1352,55,10,1539.41,172,8,1
C1353,51,14,4048.91,90,9,0
C1354,39,2,9940.06,83,2,0
C1355,27,16,6178.12,23,6,0
C1356,7,11,9891.11,134,1,0
C1357,11,15,7186.83,120,8,1
C1358,27,22,5398.59,112,3,0
C1359,52,7,8351.45,342,9,1
C1360,34,13,1421.38,184,10,1
C1361,57,9,4260.9,257,6,1
C1362,12,19,4152.18,221,1,0
C1363,24,13,3760.61,138,10,1
C1364,36,2,5617.63,160,3,1
C1365,32,21,9264.25,362,4,0
C1366,38,6,4133.66,247,3,0
C1367,1,21,4017.95,27,1,0
C1368,28,14,8624.66,200,10,1
C1369,53,2,5875.44,223,1,1
C1370,19,20,7842.72,291,1,1
C1371,39,4,4325.41,183,10,1
C1372,38,28,3264.6,174,4,0
C1373,16,2,594.05,243,8,1
C1374,56,9,8549.4,67,10,0
C1375,32,24,3016.25,334,2,0
C1376,1,30,6484.76,93,2,0
C1377,44,18,5727.58,235,10,1
C1378,60,27,2015.18,256,3,0
C1379,27,13,3766.49,205,9,1
C1380,57,4,506.2,230,0,1
C1381,41,18,6803.62,207,1,0
C1382,53,16,977.41,343,4,1
C1383,10,12,383.57,12,6,0
C1384,10,15,9939.78,132,3,0
C1385,37,21,3100.73,344,6,1
C1386,22,5,9180.26,345,10,1
C1387,59,12,655.68,164,3,0
C1388,57,16,6735.52,135,1,0
C1389,27,1,1611.77,192,9,1
C1390,57,12,1962.85,282,8,1
C1391,47,16,3466.45,307,10,1
C1392,58,18,4960.76,163,9,1
C1393,60,24,1913.58,134,1,0
C1394,57,11,1678.32,272,2,0
C1395,4,26,8629.2,205,4,0
C1396,2,30,6605.74,322,2,0
C1397,32,15,7063.83,151,10,1
C1398,50,10,2311.27,75,9,0
C1399,23,22,4592.66,220,7,1
C1400,45,21,7328.04,363,0,0
C1401,55,29,4750.86,233,2,0
C1402,41,25,3963.78,141,9,1
C1403,31,5,7881.62,262,3,0
C1404,19,4,5651.06,6,6,1
C1405,29,21,8984.01,338,1,1
C1406,39,19,4450.81,150,4,0
C1407,40,17,1692.18,292,3,0
C1408,41,9,1354.79,66,8,0
C1409,23,17,3519.1,310,7,1
C1410,50,2,9676.74,93,4,1
C1411,34,19,760.82,176,10,1
C1412,24,16,5659.35,291,1,0
C1413,55,27,5311.48,134,3,0
C1414,23,29,3820.11,60,10,0
C1415,50,8,2903.87,136,4,0
C1416,56,15,6933.18,264,0,0
C1417,42,7,757.6,123,9,1
C1418,22,20,6502.25,123,5,0
C1419,35,24,7845.01,138,5,0
C1420,48,16,2132.25,354,1,0
C1421,11,3,6389.89,37,2,0
C1422,41,5,991.88,338,8,1
C1423,6,11,2597.47,254,8,1
C1424,33,19,2213.22,238,10,1
C1425,30,2,4901.55,190,0,1
C1426,29,1,6236.07,331,0,1
C1427,41,13,9329.8,198,10,1
C1428,14,6,4465.66,92,4,0
C1429,56,25,8780.21,104,2,0
C1430,29,5,83.0,254,9,1
C1431,34,2,2590.58,252,0,1
C1432,31,17,6234.04,329,3,0
C1433,60,17,5012.64,340,5,0
C1434,42,7,6222.15,319,6,1
C1435,54,27,1991.89,290,1,0
C1436,20,12,2807.25,56,10,0
C1437,35,22,2284.08,260,5,0
C1438,46,29,5708.56,270,2,0
C1439,10,24,6066.71,52,6,0
C1440,23,4,3191.01,296,5,1
C1441,11,16,9288.76,229,8,1
C1442,54,24,9939.29,51,5,0
C1443,48,8,1971.02,105,1,0
C1444,29,19,9410.77,117,1,0
C1445,14,21,3022.66,254,5,0
C1446,57,3,6181.79,217,1,1
C1447,55,15,3825.63,323,0,0
C1448,52,1,8027.62,23,2,0
C1449,28,10,6645.97,289,5,0
C1450,53,17,6719.74,238,0,0
C1451,23,4,6383.17,167,3,1
C1452,33,29,6535.87,333,6,1
C1453,13,4,6159.96,2,5,0
C1454,57,16,8355.12,197,9,1
C1455,14,6,7315.34,240,10,1
C1456,37,30,8289.13,86,7,0
C1457,54,26,3878.76,96,2,0
C1458,33,22,6129.67,163,3,0
C1459,48,29,3511.74,343,4,0
C1460,14,18,4945.39,337,0,0
C1461,29,20,1968.51,50,4,0
C1462,20,9,6558.69,138,1,0
C1463,37,13,6614.61,162,10,1
C1464,37,25,7640.53,197,2,0
C1465,43,7,5551.0,4,9,0
C1466,46,27,1454.01,253,7,1
C1467,43,3,8445.77,231,3,1
C1468,43,21,4169.59,170,0,0
C1469,4,11,6755.37,278,2,0
C1470,42,30,1229.94,16,3,0
C1471,35,14,4556.66,10,7,0
C1472,7,9,2814.34,192,6,1
C1473,28,30,817.86,209,6,1
C1474,47,15,6878.65,5,1,0
C1475,4,23,2739.66,140,0,0
C1476,1,6,3952.5,191,5,0
C1477,45,10,4641.31,215,10,1
C1478,55,25,8384.59,203,5,0
C1479,57,7,7264.92,302,10,1
C1480,31,16,9742.81,43,0,0
C1481,28,17,3278.04,11,2,0
C1482,4,20,7845.04,219,2,0
C1483,45,16,6382.86,215,1,0
C1484,54,11,2242.0,237,3,0
C1485,51,1,3253.68,152,2,1
C1486,35,20,50.7,252,8,1
C1487,5,21,8915.09,214,2,0
C1488,4,30,5776.23,333,6,1
C1489,8,12,8683.17,246,1,0
C1490,4,14,4010.89,204,9,1
C1491,4,8,4362.98,236,0,0
C1492,4,9,1228.21,236,10,1
C1493,54,19,6415.86,349,7,1
C1494,29,20,4335.88,104,1,0
C1495,19,14,4459.49,291,9,1
C1496,25,22,534.47,237,4,0
C1497,53,3,8636.82,77,9,1
C1498,56,30,5137.15,10,8,0
C1499,32,18,5194.91,365,7,1
C1500,29,28,5653.69,261,8,1
C1501,10,9,7787.95,234,5,0
C1502,34,24,3947.5,352,6,1
C1503,12,15,9865.8,258,2,0
C1504,15,1,8733.45,19,9,1
C1505,46,15,694.79,167,4,0
C1506,22,19,9880.5,9,1,0
C1507,13,28,7622.91,111,6,1
C1508,29,28,1556.31,337,1,0
C1509,21,13,4488.47,268,1,0
C1510,35,6,9067.63,94,4,0
C1511,26,10,9385.1,329,1,0
C1512,29,3,4230.4,167,0,1
C1513,37,9,6717.57,86,10,0
C1514,14,22,1103.04,292,6,1
C1515,41,8,4718.38,276,1,0
C1516,8,29,6553.93,313,1,0
C1517,33,24,791.88,124,6,1
C1518,52,19,8043.12,14,4,0
C1519,39,2,3073.44,157,4,1
C1520,39,9,646.83,178,10,1
C1521,52,18,695.86,51,9,0
C1522,40,9,9082.46,254,8,1
C1523,37,29,976.58,361,10,1
C1524,5,20,9775.12,83,6,0
C1525,35,20,590.75,320,8,1
C1526,55,14,9574.28,26,10,0
C1527,60,17,772.52,150,4,0
C1528,28,29,6404.93,200,1,0
C1529,49,15,6864.12,312,4,0
C1530,1,14,8891.33,241,0,0
C1531,2,11,7416.77,177,8,1
C1532,10,9,9989.35,6,4,0
C1533,31,16,7131.3,302,5,0
C1534,12,10,9984.73,18,3,0
C1535,6,12,691.78,267,6,1
C1536,6,15,3508.11,286,9,1
C1537,28,6,7743.1,352,4,0
C1538,41,30,4709.05,136,10,1
C1539,7,20,2741.28,178,8,1
C1540,60,7,1852.44,186,1,0
C1541,3,3,149.72,207,3,1
C1542,14,9,9326.03,69,2,0
C1543,49,16,6988.72,243,0,0
C1544,37,10,8510.82,85,6,0
C1545,16,20,6604.27,185,5,0
C1546,45,9,2597.88,94,1,0
C1547,41,1,1216.03,161,10,1
C1548,55,11,4799.02,309,4,0
C1549,44,12,8707.45,53,3,0
C1550,49,29,3656.9,189,3,0
C1551,60,7,4732.0,8,8,0
C1552,40,16,2460.02,237,5,0
C1553,53,11,1539.05,113,2,0
C1554,17,23,1490.21,105,9,1
C1555,23,26,7434.54,295,6,1
C1556,21,14,1699.52,4,7,0
C1557,15,12,239.1,216,4,0
C1558,21,25,3294.4,268,0,0
C1559,20,26,5209.32,314,4,1
C1560,55,22,5433.49,266,6,1
C1561,12,12,7359.98,268,7,1
C1562,48,6,5786.57,232,0,0
C1563,57,25,1614.41,328,5,0
C1564,30,24,2214.98,10,8,0
C1565,23,18,1373.14,347,2,0
C1566,49,7,9373.95,341,1,0
C1567,30,12,8499.44,33,1,0
C1568,55,5,6377.31,231,0,0
C1569,14,27,3042.37,49,4,0
C1570,29,16,9252.49,195,8,1
C1571,33,23,6772.67,109,7,1
C1572,6,8,9873.1,303,9,1
C1573,35,16,128.62,16,5,0
C1574,12,18,9353.55,282,1,0
C1575,46,5,6564.43,115,10,1
C1576,56,20,3933.94,170,7,1
C1577,45,24,3669.48,100,10,1
C1578,32,26,7608.68,139,4,0
C1579,11,21,3310.53,197,2,0
C1580,10,1,5439.44,337,3,1
C1581,51,9,7727.52,132,10,1
C1582,18,26,9826.64,302,9,1
C1583,44,24,3897.11,108,8,1
C1584,4,15,797.96,348,6,1
C1585,3,30,7302.48,292,9,1
C1586,52,21,2064.06,307,4,0
C1587,3,13,6597.33,271,3,0
C1588,10,20,1451.85,196,2,0
C1589,34,24,3808.24,157,2,0
C1590,24,23,4978.88,55,0,0
C1591,42,7,6358.07,185,6,1
C1592,39,11,6530.85,334,6,1
C1593,59,6,3193.99,18,10,0
C1594,40,10,779.52,110,5,0
C1595,34,18,6163.8,346,0,0
C1596,36,29,5168.48,266,6,1
C1597,49,1,5276.58,47,0,0
C1598,19,20,7458.29,105,6,1
C1599,2,8,7810.57,212,8,1
C1600,2,17,6519.03,286,10,1
C1601,33,10,2647.66,140,3,0
C1602,32,5,7806.74,102,2,0
C1603,51,23,7122.87,254,6,1
C1604,14,28,5612.73,115,1,0
C1605,5,22,9226.24,29,4,0
C1606,58,10,6999.36,24,9,0
C1607,37,16,3328.03,193,8,1
C1608,46,26,2651.15,61,8,0
C1609,49,2,703.78,270,7,1
C1610,18,15,1703.01,47,3,0
C1611,11,13,3600.21,355,7,1
C1612,20,13,123.33,30,2,0
C1613,7,5,768.06,271,1,0
C1614,49,1,3118.78,361,3,1
C1615,56,5,4964.6,162,8,1
C1616,35,18,964.33,41,8,0
C1617,52,6,290.55,112,0,0
C1618,8,13,3473.49,233,2,0
C1619,6,18,8887.52,53,0,0
C1620,15,4,9345.15,10,1,0
C1621,43,27,1849.68,166,1,0
C1622,56,21,1740.48,100,8,1
C1623,42,1,797.86,340,7,1
C1624,3,6,347.5,290,10,1
C1625,57,18,8882.18,47,9,0
C1626,5,28,9163.0,142,6,1
C1627,40,13,869.53,361,3,0
C1628,3,30,4680.97,74,7,0
C1629,41,24,2859.26,25,9,0
C1630,1,14,7371.42,105,10,1
C1631,57,29,3540.77,124,3,0
C1632,8,13,7117.06,216,2,0
C1633,5,2,3157.48,296,4,1
C1634,25,4,4879.23,19,5,0
C1635,52,24,9478.72,52,3,0
C1636,9,1,5937.24,227,3,1
C1637,4,28,8654.75,301,2,0
C1638,1,16,3128.52,327,3,0
C1639,41,22,4225.09,173,3,0
C1640,4,8,7963.8,116,10,1
C1641,34,12,4831.13,103,3,0
C1642,38,11,8742.25,10,0,1
C1643,36,10,1064.62,73,10,0
C1644,24,2,970.6,159,6,1
C1645,34,8,6501.44,138,6,1
C1646,24,1,9652.63,10,3,0
C1647,50,21,9045.02,190,5,0
C1648,44,24,7199.67,149,6,1
C1649,56,24,2911.36,83,0,0
C1650,7,25,6473.77,307,0,0
C1651,11,1,994.48,179,1,1
C1652,39,17,5498.1,310,0,0
C1653,2,27,5958.66,250,5,1
C1654,22,4,9195.45,297,2,1
C1655,25,27,9040.89,243,10,1
C1656,23,26,257.94,206,1,0
C1657,42,6,6635.67,345,10,1
C1658,59,17,6291.58,146,3,0
C1659,44,14,3490.48,276,10,1
C1660,36,27,7598.44,256,2,1
C1661,57,1,2608.06,285,7,1
C1662,6,29,347.27,117,6,1
C1663,51,22,3426.63,146,7,1
C1664,25,25,2988.77,130,4,0
C1665,47,23,8611.88,241,1,0
C1666,38,30,4406.5,152,5,0
C1667,56,10,3665.11,189,5,1
C1668,36,2,544.92,322,9,1
C1669,58,1,9801.63,299,5,1
C1670,20,16,1998.2,162,6,1
C1671,59,30,2580.05,230,2,0
C1672,14,14,6310.42,20,9,1
C1673,34,6,2647.66,30,10,0
C1674,17,23,4334.53,153,7,1
C1675,3,5,8368.59,215,0,0
C1676,8,16,639.52,220,0,0
C1677,24,6,3389.48,104,10,1
C1678,43,3,1922.67,48,7,1
C1679,27,6,9939.85,280,0,0
C1680,23,10,9264.75,252,5,0
C1681,3,4,3914.26,230,9,1
C1682,3,12,7725.02,138,8,1
C1683,11,18,1180.43,97,9,1
C1684,14,7,7563.67,313,6,1
C1685,40,21,9042.86,14,8,0
C1686,38,14,6534.65,182,6,1
C1687,7,5,8131.26,196,4,0
C1688,47,14,8375.34,246,6,1
C1689,17,15,5572.29,183,6,1
C1690,11,11,8994.66,285,4,0
C1691,4,24,6820.98,333,4,0
C1692,54,19,5824.47,80,5,0
C1693,1,29,5822.22,88,8,0
C1694,1,5,5233.62,322,5,0
C1695,7,9,2422.25,347,2,0
C1696,22,5,161.51,96,10,1
C1697,56,24,5437.97,210,5,0
C1698,8,18,7637.41,63,9,0
C1699,34,2,7800.57,96,8,1
C1700,55,7,8102.75,22,5,0
C1701,28,16,2232.17,8,10,0
C1702,52,2,2308.62,270,4,1
C1703,2,4,7389.34,327,7,1
C1704,30,26,4048.39,73,1,0
C1705,42,4,7357.82,169,0,1
C1706,55,16,8817.45,297,7,1
C1707,3,20,3572.26,249,4,0
C1708,49,10,3516.08,362,4,1
C1709,28,19,9439.81,60,4,0
C1710,30,26,4368.18,107,8,1
C1711,42,10,2494.55,355,10,1
C1712,21,24,8019.8,212,7,1
C1713,28,20,3178.91,237,9,1
C1714,11,19,3802.48,210,3,0
C1715,31,7,1715.62,136,3,0
C1716,3,7,6780.08,325,9,1
C1717,6,19,6684.42,21,5,0
C1718,49,11,6848.21,56,4,0
C1719,15,10,1952.37,230,6,1
C1720,34,21,8566.45,77,9,0
C1721,29,13,8116.06,281,1,0
C1722,48,14,382.26,182,10,1
C1723,6,19,1077.58,4,2,0
C1724,12,28,2415.55,124,7,1
C1725,17,24,6632.76,237,3,0
C1726,5,7,9701.38,270,4,0
C1727,5,7,3477.36,346,7,1
C1728,46,4,8057.69,288,2,1
C1729,27,4,700.53,147,7,1
C1730,25,30,8973.29,13,7,0
C1731,30,18,4840.69,118,5,0
C1732,18,27,9643.5,179,6,1
C1733,56,10,4548.04,100,1,0
C1734,50,13,5142.96,168,9,1
C1735,12,13,4054.11,243,10,1
C1736,47,1,187.25,332,8,1
C1737,57,20,2721.92,281,3,1
C1738,20,18,6695.56,243,8,1
C1739,48,29,1085.29,192,6,1
C1740,1,17,5318.67,25,10,0
C1741,17,29,731.87,351,9,1
C1742,3,25,9501.24,67,4,0
C1743,26,26,7170.24,285,8,1
C1744,51,6,4350.69,240,3,0
C1745,25,2,9278.68,280,7,1
C1746,14,25,8093.18,104,1,0
C1747,13,23,982.2,44,3,0
C1748,9,25,1559.46,104,8,1
C1749,48,1,3090.01,4,10,1
C1750,15,1,7773.5,329,8,1
C1751,51,24,2337.08,291,1,0
C1752,26,10,4926.33,131,9,1
C1753,12,24,4798.91,288,6,1
C1754,36,26,1002.81,120,7,1
C1755,42,5,8886.11,83,10,0
C1756,45,25,5606.04,286,1,0
C1757,58,7,6608.66,95,5,0
C1758,35,8,390.07,90,1,0
C1759,32,3,4110.49,334,3,1
C1760,16,17,3143.54,243,8,1
C1761,30,13,182.73,262,7,1
C1762,20,20,9941.28,242,2,0
C1763,45,22,2546.21,261,1,1
C1764,45,1,2519.4,46,6,1
C1765,31,18,791.65,272,8,1
C1766,43,8,4470.08,325,3,0
C1767,35,11,9061.79,291,3,0
C1768,4,25,5583.77,80,2,0
C1769,42,17,1009.24,218,9,1
C1770,23,8,5955.97,126,6,1
C1771,38,17,7304.76,125,2,1
C1772,11,21,3040.1,262,6,1
C1773,7,28,6807.22,175,6,1
C1774,52,29,6736.68,82,3,0
C1775,53,23,3918.59,283,0,0
C1776,37,9,3887.87,20,1,0
C1777,5,28,1546.64,1,4,0
C1778,7,29,8646.53,20,8,0
C1779,27,5,2885.43,229,4,0
C1780,26,6,2179.96,230,8,1
C1781,42,18,4286.0,36,7,0
C1782,52,26,1342.84,232,7,1
C1783,27,1,7049.8,97,9,1
C1784,57,21,6881.51,328,1,0
C1785,27,18,5711.66,299,0,0
C1786,50,16,2953.19,358,6,1
C1787,38,18,2547.53,113,6,1
C1788,26,30,7098.23,346,3,0
C1789,54,27,3746.72,44,8,0
C1790,15,11,4844.43,247,7,1
C1791,57,17,3653.81,71,9,0
C1792,22,17,2375.45,38,8,0
C1793,60,26,5154.94,358,3,0
C1794,20,18,8767.95,86,3,0
C1795,57,13,423.44,67,4,0
C1796,1,6,3546.5,200,7,1
C1797,41,2,1596.29,246,8,1
C1798,12,20,3362.02,301,8,1
C1799,35,30,762.66,204,1,0
C1800,15,15,7221.65,107,2,0
C1801,1,8,8348.65,261,0,0
C1802,32,9,945.77,81,6,0
C1803,53,18,9381.25,263,6,1
C1804,21,11,8592.9,8,8,0
C1805,55,4,6166.45,304,7,1
C1806,59,1,8672.93,258,3,1
C1807,40,26,2105.92,41,3,0
C1808,20,2,1706.36,242,5,1
C1809,38,10,1857.03,22,1,0
C1810,26,12,4510.68,187,5,0
C1811,34,13,2161.27,77,8,0
C1812,1,22,9070.55,254,10,1
C1813,48,25,81.68,175,6,1
C1814,4,28,8897.24,162,7,1
C1815,14,17,7184.89,146,1,0
C1816,26,1,7799.17,221,6,1
C1817,53,4,4109.8,346,1,1
C1818,43,11,1977.1,41,7,0
C1819,2,26,6944.49,151,4,0
C1820,25,20,4657.07,303,1,0
C1821,19,7,2339.92,354,6,1
C1822,56,20,9752.4,169,7,1
C1823,22,28,7931.26,135,6,1
C1824,51,1,3875.83,98,4,1
C1825,50,6,4208.31,191,3,0
C1826,34,18,1616.14,323,4,0
C1827,38,14,5904.44,194,0,0
C1828,51,28,9376.33,351,1,0
C1829,49,11,5199.41,19,4,0
C1830,41,1,1969.98,115,4,1
C1831,34,15,2638.01,54,2,0
C1832,25,4,9082.85,124,7,1
C1833,40,2,8666.14,81,10,1
C1834,48,29,6092.91,12,9,0
C1835,19,10,2193.71,36,10,0
C1836,51,7,2783.05,166,5,0
C1837,39,20,5985.84,21,7,0
C1838,26,13,7827.34,286,7,1
C1839,9,8,621.14,329,3,0
C1840,23,15,8642.01,102,7,1
C1841,45,3,6491.14,190,1,1
C1842,51,2,2883.94,121,6,1
C1843,32,15,4858.59,195,7,1
C1844,39,12,8055.2,337,10,1
C1845,13,24,1329.77,68,4,0
C1846,25,16,2220.31,41,9,0
C1847,21,11,7805.67,299,1,0
C1848,2,27,6067.67,172,4,0
C1849,60,6,5404.03,320,4,0
C1850,14,18,9261.36,271,2,0
C1851,38,15,4066.64,143,1,0
C1852,25,13,4894.7,280,8,1
C1853,28,27,5086.77,299,6,1
C1854,39,28,131.15,246,8,1
C1855,28,8,5670.21,41,4,0
C1856,45,8,3269.34,20,9,0
C1857,4,22,2850.45,150,4,0
C1858,12,15,580.3,71,5,0
C1859,22,24,1548.09,288,6,1
C1860,5,2,6035.62,130,7,1
C1861,53,21,1672.94,244,4,0
C1862,30,11,9802.42,315,3,0
C1863,60,9,3849.21,4,3,0
C1864,11,18,9409.25,16,3,0
C1865,34,20,6112.65,59,10,0
C1866,36,21,6484.95,274,7,1
C1867,31,15,54.22,241,5,1
C1868,13,19,6557.78,320,3,0
C1869,39,21,1774.76,166,6,1
C1870,29,27,6138.98,245,4,0
C1871,52,13,8154.0,48,7,0
C1872,5,17,4062.39,209,6,1
C1873,47,15,7361.47,271,6,1
C1874,5,13,9025.26,116,8,1
C1875,26,7,7921.65,62,3,1
C1876,13,5,7455.01,210,2,0
C1877,53,20,5181.35,156,0,0
C1878,26,13,3694.36,142,9,1
C1879,32,15,351.64,161,3,0
C1880,18,26,2522.02,132,9,1
C1881,42,11,2908.28,68,1,0
C1882,25,6,531.55,277,10,1
C1883,3,28,808.75,91,8,1
C1884,40,8,8972.5,260,2,0
C1885,59,1,7909.07,302,2,1
C1886,53,1,3585.74,198,5,1
C1887,2,10,6348.2,205,8,1
C1888,28,20,4216.72,21,0,0
C1889,39,6,8771.72,97,1,0
C1890,21,5,8071.16,8,4,0
C1891,8,30,3166.94,234,5,0
C1892,18,23,8025.16,237,6,1
C1893,34,14,9761.8,48,10,0
C1894,31,15,8151.02,293,3,0
C1895,15,8,8298.2,224,9,1
C1896,20,29,1589.15,48,8,0
C1897,51,11,4505.09,194,1,0
C1898,53,23,6701.44,90,9,0
C1899,59,23,7724.73,28,6,0
C1900,1,7,824.24,158,1,0
C1901,57,16,8883.06,343,2,0
C1902,24,27,1448.51,131,10,1
C1903,28,12,7026.34,186,4,0
C1904,5,5,8191.16,32,3,0
C1905,35,9,7387.4,211,7,1
C1906,44,6,4384.15,155,10,1
C1907,4,3,8733.26,263,9,1
C1908,12,23,9857.38,309,1,0
C1909,44,7,8282.18,109,5,0
C1910,41,9,8264.24,176,10,1
C1911,46,27,4326.27,273,10,1
C1912,56,14,8070.73,332,0,0
C1913,33,3,8365.1,128,8,1
C1914,19,23,4573.47,171,1,0
C1915,49,9,7757.45,238,10,1
C1916,18,20,927.69,163,0,0
C1917,57,18,8852.73,71,10,0
C1918,49,12,6732.62,162,4,0
C1919,23,3,1354.84,206,9,1
C1920,2,22,6291.97,221,1,0
C1921,51,24,3520.34,304,7,1
C1922,14,21,4424.31,169,3,0
C1923,15,4,3190.16,140,6,1
C1924,20,8,9660.91,306,4,0
C1925,54,25,1320.74,9,5,0
C1926,2,2,5865.35,85,3,0
C1927,23,30,9252.43,242,8,1
C1928,32,8,200.17,176,10,1
C1929,13,19,318.37,20,3,0
C1930,41,24,7647.52,108,2,0
C1931,11,29,3914.26,13,5,0
C1932,50,23,3708.52,178,6,1
C1933,53,5,8886.72,155,9,1
C1934,32,12,3876.39,177,7,1
C1935,35,23,2235.42,118,9,1
C1936,16,20,5825.49,149,3,0
C1937,38,22,3543.48,277,8,1
C1938,33,12,7630.5,281,7,1
C1939,34,30,1908.73,272,0,0
C1940,37,11,4848.85,261,3,0
C1941,34,7,170.57,37,8,0
C1942,28,27,3645.59,330,9,1
C1943,55,25,6820.12,150,6,1
C1944,49,26,6368.63,10,7,0
C1945,22,28,4224.57,343,5,0
C1946,25,21,4704.19,108,2,0
C1947,35,26,6406.7,229,5,0
C1948,53,11,581.87,297,8,1
C1949,56,2,6662.08,18,7,1
C1950,22,29,9816.04,65,0,0
C1951,51,29,5874.93,25,7,0
C1952,14,19,257.65,205,4,0
C1953,17,16,9956.33,98,9,1
C1954,11,2,1533.0,323,4,1
C1955,53,29,7801.41,7,10,0
C1956,41,4,5762.86,42,8,1
C1957,42,20,7502.55,1,1,0
C1958,4,25,1998.79,204,7,1
C1959,59,6,6123.72,333,1,0
C1960,40,26,6320.47,65,6,0
C1961,41,25,9820.18,213,10,1
C1962,27,9,4859.99,15,7,0
C1963,15,12,1870.36,175,6,1
C1964,24,5,9887.04,363,0,0
C1965,7,22,9015.84,99,0,0
C1966,5,24,3893.25,326,8,1
C1967,15,6,951.26,82,9,0
C1968,4,27,9549.81,152,1,0
C1969,25,29,3806.62,357,4,0
C1970,3,18,3809.0,152,2,0
C1971,43,8,1009.41,252,2,0
C1972,55,10,3850.75,130,4,0
C1973,3,13,530.03,202,0,0
C1974,42,8,4939.87,233,8,1
C1975,35,29,6204.66,38,4,0
C1976,8,2,646.63,83,9,1
C1977,2,17,6623.99,242,9,1
C1978,52,27,5353.98,24,1,0
C1979,30,2,7361.76,201,4,1
C1980,30,21,8705.46,220,5,0
C1981,24,15,7575.64,231,9,1
C1982,2,29,2291.47,116,6,1
C1983,41,15,8713.31,164,10,1
C1984,38,25,7292.75,144,7,1
C1985,60,20,9772.79,11,9,0
C1986,46,20,5860.56,321,3,0
C1987,31,17,2859.43,206,5,0
C1988,50,2,5403.57,148,5,1
C1989,54,7,1976.29,109,0,0
C1990,53,18,1782.27,238,0,1
C1991,10,13,9531.96,240,5,0
C1992,29,12,2063.09,363,9,1
C1993,28,26,2941.61,365,1,0
C1994,14,17,1438.04,42,1,0
C1995,53,5,8210.94,325,3,0
C1996,54,26,3522.13,84,1,0
C1997,12,13,9568.74,351,3,0
C1998,35,25,9073.48,133,8,1
C1999,60,27,8146.22,327,0,0
C2000,45,17,7149.14,356,1,0
