订单编号,下单时间,客户ID,商品名称,类别,数量,单价,金额,支付方式,收货城市
ORD000001,2024-03-03,C1057,口红,美妆,1,1488.27,1488.27,支付宝,上海
ORD000002,2024-02-29,C1129,台灯,家居,1,205.52,205.52,微信,西安
ORD000003,2024-01-02,C1194,连衣裙,服装,5,570.82,2854.1,支付宝,武汉
ORD000004,2024-04-01,C1088,Python数据分析,图书,1,772.26,772.26,银行卡,北京
ORD000005,2024-06-09,C1158,台灯,家居,5,600.49,3002.45,银行卡,重庆
ORD000006,2024-04-07,C1071,Python数据分析,图书,2,1735.64,3471.28,货到付款,成都
ORD000007,2024-05-16,C1186,口红,美妆,5,1277.26,6386.3,支付宝,广州
ORD000008,2024-01-15,C1058,洗面奶,美妆,2,1375.54,2751.08,微信,成都
ORD000009,2024-04-11,C1164,巧克力,食品,2,1317.77,2635.54,货到付款,广州
ORD000010,2024-04-12,C1092,SQL必知必会,图书,301,1797.69,541104.69,支付宝,广州
ORD000011,2024-04-18,C1152,MacBook Air,电子产品,2,1588.32,3176.64,微信,武汉
ORD000012,2024-05-17,C1192,坚果礼盒,食品,1,1369.79,1369.79,银行卡,成都
ORD000013,2024-05-09,C1027,精华液,美妆,5,1528.69,7643.45,银行卡,西安
ORD000014,2024-05-05,C1004,茶叶,食品,1,1205.91,1205.91,微信,成都
ORD000015,2024-01-22,C1187,MacBook Air,电子产品,5,1894.96,9474.8,货到付款,上海
ORD000016,2024-05-15,C1155,香水,美妆,5,346.95,1734.75,货到付款,深圳
ORD000017,2024-06-15,C1095,精华液,美妆,4,1990.4,7961.6,货到付款,西安
ORD000018,2024-02-26,C1001,小米手环,电子产品,5,475.63,2378.15,微信,北京
ORD000019,2024-05-04,C1054,小米手环,电子产品,2,571.38,1142.76,支付宝,重庆
ORD000020,2024-04-20,C1090,沙发,家居,1,211.92,211.92,货到付款,武汉
ORD000021,2024-03-27,C1027,口红,美妆,1,817.19,817.19,支付宝,深圳
ORD000022,2024-01-20,C1113,统计学,图书,2,1751.48,3502.96,微信,北京
ORD000023,2024-05-03,C1054,MacBook Air,电子产品,120,824.7,98964.0,货到付款,北京
ORD000024,2024-05-22,C1169,床品四件套,家居,4,1399.25,5597.0,货到付款,广州
ORD000025,2024-01-15,C1012,洗面奶,美妆,1,1500.99,1500.99,货到付款,西安
ORD000026,2024-01-18,C1172,坚果礼盒,食品,2,155.67,311.34,支付宝,武汉
ORD000027,2024-06-17,C1149,坚果礼盒,食品,5,182.33,911.65,银行卡,杭州
ORD000028,2024-01-19,C1002,沙发,家居,3,925.3,2775.9,货到付款,重庆
ORD000029,2024-03-30,C1017,运动鞋,服装,3,282.26,846.78,支付宝,成都
ORD000030,2024-05-21,C1076,SQL必知必会,图书,5,35.49,177.45,微信,广州
ORD000031,2024-03-28,C1052,羽绒服,服装,3,1217.56,3652.68,银行卡,西安
ORD000032,2024-03-26,C1197,iPad,电子产品,3,107.29,321.87,支付宝,杭州
ORD000033,2024-06-25,C1038,坚果礼盒,食品,1,168.98,168.98,微信,成都
ORD000034,2024-02-23,C1174,深度学习,图书,1,1799.87,1799.87,支付宝,上海
ORD000035,2024-02-15,C1105,进口牛奶,食品,2,1731.92,3463.84,微信,广州
ORD000036,2024-06-28,C1027,面膜,美妆,3,335.21,1005.63,货到付款,北京
ORD000037,2024-02-28,C1057,床品四件套,家居,3,1644.66,4933.98,微信,深圳
ORD000038,2024-05-17,C1084,深度学习,图书,5,811.36,4056.8,微信,上海
ORD000039,2024-03-29,C1186,Python数据分析,图书,1,1201.21,1201.21,银行卡,武汉
ORD000040,2024-04-21,C1000,进口牛奶,食品,3,107.89,323.67,支付宝,成都
ORD000041,2024-03-17,C1129,巧克力,食品,1,1445.11,1445.11,银行卡,武汉
ORD000042,2024-02-14,C1157,连衣裙,服装,4,1361.09,,银行卡,武汉
ORD000043,2024-04-29,C1113,加湿器,家居,5,1316.32,6581.6,货到付款,深圳
ORD000044,2024-06-18,C1162,面膜,美妆,1,581.9,581.9,银行卡,上海
ORD000045,2024-03-03,C1121,牛仔裤,服装,2,68.36,136.72,微信,南京
ORD000046,2024-02-07,C1167,香水,美妆,4,811.31,3245.24,微信,上海
ORD000047,2024-03-04,C1031,洗面奶,美妆,4,119.43,477.72,货到付款,广州
ORD000048,2024-05-09,C1109,巧克力,食品,4,1233.05,4932.2,货到付款,广州
ORD000049,2024-03-02,C1070,羽绒服,服装,5,979.5,4897.5,货到付款,上海
ORD000050,2024-04-08,C1177,坚果礼盒,食品,2,318.64,637.28,支付宝,深圳
ORD000051,2024-04-09,C1197,台灯,家居,2,1669.12,,微信,重庆
ORD000052,2024-05-19,C1154,收纳箱,家居,5,1500.08,7500.4,支付宝,南京
ORD000053,2024-02-02,C1159,统计学,图书,2,1684.2,3368.4,微信,武汉
ORD000054,2024-03-07,C1097,沙发,家居,4,379.82,1519.28,银行卡,深圳
ORD000055,2024-04-30,C1004,统计学,图书,3,1673.12,5019.36,微信,成都
ORD000056,2024-01-06,C1159,iPhone 15,电子产品,2,414.73,829.46,支付宝,深圳
ORD000057,2024-02-12,C1155,连衣裙,服装,3,1538.46,4615.38,微信,广州
ORD000058,2024-02-20,C1019,SQL必知必会,图书,4,805.38,3221.52,支付宝,上海
ORD000059,2024-04-19,C1169,小米手环,电子产品,1,707.46,707.46,银行卡,上海
ORD000060,2024-06-11,C1117,台灯,家居,4,1922.36,7689.44,支付宝,武汉
ORD000061,2024-05-31,C1068,茶叶,食品,4,940.45,3761.8,银行卡,深圳
ORD000062,2024-04-07,C1086,连衣裙,服装,5,1228.46,6142.3,微信,南京
ORD000063,2024-06-28,C1070,深度学习,图书,3,1763.03,5289.09,微信,西安
ORD000064,2024-06-14,C1182,加湿器,家居,2,1387.41,2774.82,货到付款,南京
ORD000065,2024-04-04,C1121,面膜,美妆,3,1334.64,4003.92,银行卡,武汉
ORD000066,2024-01-31,C1184,床品四件套,家居,3,517.78,1553.34,支付宝,成都
ORD000067,2024-03-11,C1185,牛仔裤,服装,2,1482.44,2964.88,银行卡,上海
ORD000068,2024-01-12,C1013,Python数据分析,图书,5,270.63,1353.15,银行卡,广州
ORD000069,2024-04-22,C1087,小米手环,电子产品,3,949.41,2848.23,支付宝,北京
ORD000070,2024-06-10,C1175,iPad,电子产品,4,166.68,666.72,微信,广州
ORD000071,2024-06-04,C1152,T恤,服装,5,1533.6,7668.0,支付宝,西安
ORD000072,2024-01-16,C1156,咖啡豆,食品,3,1145.89,3437.67,微信,深圳
ORD000073,2024-01-01,C1104,牛仔裤,服装,5,168.63,843.15,货到付款,重庆
ORD000074,2024-03-08,C1160,统计学,图书,1,1381.02,1381.02,支付宝,武汉
ORD000075,2024-03-19,C1152,机器学习实战,图书,1,138.08,138.08,银行卡,南京
ORD000076,2024-01-21,C1153,SQL必知必会,图书,5,997.71,4988.55,微信,武汉
ORD000077,2024-06-21,C1068,运动鞋,服装,5,1902.56,9512.8,微信,广州
ORD000078,2024-05-05,C1023,运动鞋,服装,4,1276.87,5107.48,货到付款,成都
ORD000079,2024-03-14,C1169,羽绒服,服装,,1393.47,5573.88,货到付款,西安
ORD000080,2024-01-01,C1168,iPad,电子产品,5,1653.36,8266.8,货到付款,武汉
ORD000081,2024-05-20,C1033,收纳箱,家居,1,423.05,423.05,银行卡,南京
ORD000082,2024-03-20,C1141,洗面奶,美妆,2,1425.37,2850.74,微信,西安
ORD000083,2024-02-09,C1127,iPad,电子产品,1,1302.47,1302.47,银行卡,西安
ORD000084,2024-04-08,C1048,沙发,家居,4,1111.5,4446.0,支付宝,上海
ORD000085,2024-03-17,C1150,巧克力,食品,1,580.02,580.02,货到付款,广州
ORD000086,2024-02-18,C1178,咖啡豆,食品,4,1867.05,7468.2,支付宝,重庆
ORD000087,2024-06-18,C1166,统计学,图书,4,784.44,3137.76,支付宝,南京
ORD000088,2024-04-26,C1003,Python数据分析,图书,4,217.43,869.72,支付宝,武汉
ORD000089,2024-06-15,C1020,深度学习,图书,5,1391.56,6957.8,银行卡,西安
ORD000090,2024-03-01,C1161,加湿器,家居,1,1242.57,1242.57,银行卡,深圳
ORD000091,2024-03-17,C1007,口红,美妆,195,349.4,68133.0,微信,成都
ORD000092,2024-06-23,C1046,牛仔裤,服装,5,835.86,4179.3,支付宝,广州
ORD000093,2024-04-28,C1163,连衣裙,服装,5,303.37,,银行卡,南京
ORD000094,2024-03-29,C1150,SQL必知必会,图书,2,166.25,332.5,银行卡,武汉
ORD000095,2024-05-26,C1091,收纳箱,家居,,489.67,489.67,银行卡,杭州
ORD000096,2024-05-07,C1073,小米手环,电子产品,1,1823.02,1823.02,支付宝,重庆
ORD000097,2024-06-14,C1010,机器学习实战,图书,,1808.74,1808.74,银行卡,南京
ORD000098,2024-02-03,C1138,深度学习,图书,4,367.77,1471.08,银行卡,西安
ORD000099,2024-04-29,C1019,床品四件套,家居,3,1612.38,4837.14,支付宝,深圳
ORD000100,2024-01-04,C1067,巧克力,食品,1,1585.55,1585.55,微信,南京
ORD000101,2024-04-30,C1006,床品四件套,家居,1,1356.18,1356.18,银行卡,重庆
ORD000102,2024-01-12,C1009,精华液,美妆,4,251.02,1004.08,银行卡,南京
ORD000103,2024-06-27,C1138,收纳箱,家居,3,1347.56,4042.68,货到付款,重庆
ORD000104,2024-03-12,C1008,iPad,电子产品,5,828.07,4140.35,银行卡,深圳
ORD000105,2024-06-14,C1091,AirPods Pro,电子产品,5,1805.36,9026.8,微信,武汉
ORD000106,2024-06-01,C1005,台灯,家居,2,1290.57,2581.14,微信,成都
ORD000107,2024-02-29,C1084,小米手环,电子产品,,1181.04,2362.08,支付宝,重庆
ORD000108,2024-01-29,C1169,运动鞋,服装,,1601.06,4803.18,微信,广州
ORD000109,2024-02-02,C1189,Python数据分析,图书,2,545.43,1090.86,货到付款,西安
ORD000110,2024-05-08,C1056,SQL必知必会,图书,5,235.93,1179.65,微信,西安
ORD000111,2024-05-05,C1182,收纳箱,家居,4,1378.47,5513.88,货到付款,上海
ORD000112,2024-05-20,C1182,羽绒服,服装,5,1273.49,6367.45,银行卡,武汉
ORD000113,2024-01-30,C1167,咖啡豆,食品,1,1590.33,1590.33,支付宝,武汉
ORD000114,2024-03-21,C1109,收纳箱,家居,4,1464.63,5858.52,银行卡,杭州
ORD000115,2024-01-25,C1190,iPhone 15,电子产品,1,204.6,204.6,银行卡,广州
ORD000116,2024-06-19,C1192,Python数据分析,图书,4,720.12,2880.48,货到付款,北京
ORD000117,2024-05-03,C1057,茶叶,食品,2,326.37,652.74,微信,成都
ORD000118,2024-06-08,C1157,进口牛奶,食品,4,1693.41,6773.64,微信,重庆
ORD000119,2024-03-30,C1001,羽绒服,服装,3,1844.64,5533.92,支付宝,广州
ORD000120,2024-02-25,C1096,口红,美妆,1,1497.3,1497.3,货到付款,南京
ORD000121,2024-02-09,C1040,茶叶,食品,1,1769.02,1769.02,微信,上海
ORD000122,2024-05-11,C1029,收纳箱,家居,3,446.83,1340.49,银行卡,武汉
ORD000123,2024-06-02,C1014,巧克力,食品,1,456.63,456.63,微信,深圳
ORD000124,2024-05-07,C1191,深度学习,图书,3,257.57,772.71,货到付款,广州
ORD000125,2024-01-11,C1111,巧克力,食品,1,806.2,806.2,微信,南京
ORD000126,2024-04-13,C1005,咖啡豆,食品,4,593.24,2372.96,银行卡,广州
ORD000127,2024-03-03,C1111,Python数据分析,图书,4,1692.08,6768.32,货到付款,西安
ORD000128,2024-06-11,C1029,羽绒服,服装,2,171.23,342.46,支付宝,成都
ORD000129,2024-02-20,C1044,牛仔裤,服装,1,309.96,309.96,支付宝,上海
ORD000130,2024-05-24,C1164,茶叶,食品,4,1368.64,5474.56,银行卡,成都
ORD000131,2024-05-09,C1018,深度学习,图书,5,131.22,656.1,银行卡,南京
ORD000132,2024-04-08,C1118,iPhone 15,电子产品,5,1196.28,5981.4,微信,南京
ORD000133,2024-01-16,C1115,咖啡豆,食品,5,318.7,1593.5,微信,成都
ORD000134,2024-05-14,C1133,MacBook Air,电子产品,4,1982.15,7928.6,支付宝,成都
ORD000135,2024-06-14,C1085,SQL必知必会,图书,1,1582.67,1582.67,微信,成都
ORD000136,2024-05-29,C1169,洗面奶,美妆,2,680.06,1360.12,支付宝,成都
ORD000137,2024-04-06,C1164,运动鞋,服装,1,632.97,632.97,银行卡,广州
ORD000138,2024-04-18,C1130,洗面奶,美妆,1,1299.13,1299.13,银行卡,北京
ORD000139,2024-02-09,C1019,沙发,家居,2,1999.95,3999.9,银行卡,上海
ORD000140,2024-06-07,C1033,坚果礼盒,食品,3,1755.26,5265.78,货到付款,广州
ORD000141,2024-06-22,C1184,连衣裙,服装,1,833.5,833.5,支付宝,南京
ORD000142,2024-04-30,C1049,运动鞋,服装,2,632.75,1265.5,银行卡,重庆
ORD000143,2024-02-11,C1051,加湿器,家居,5,848.95,4244.75,支付宝,杭州
ORD000144,2024-02-11,C1069,小米手环,电子产品,1,584.42,584.42,货到付款,西安
ORD000145,2024-04-16,C1013,连衣裙,服装,3,1862.33,5586.99,货到付款,西安
ORD000146,2024-06-15,C1085,T恤,服装,,1863.04,5589.12,支付宝,广州
ORD000147,2024-01-21,C1004,连衣裙,服装,4,1238.39,4953.56,银行卡,深圳
ORD000148,2024-03-01,C1077,咖啡豆,食品,1,1556.82,1556.82,微信,北京
ORD000149,2024-01-05,C1161,iPhone 15,电子产品,4,1201.54,,支付宝,广州
ORD000150,2024-01-22,C1134,咖啡豆,食品,2,1335.46,2670.92,银行卡,上海
ORD000151,2024-04-30,C1011,茶叶,食品,1,793.1,,货到付款,成都
ORD000152,2024-03-26,C1034,机器学习实战,图书,1,1547.57,1547.57,微信,成都
ORD000153,2024-02-04,C1016,香水,美妆,4,1270.84,5083.36,货到付款,北京
ORD000154,2024-05-19,C1121,AirPods Pro,电子产品,3,1040.46,3121.38,银行卡,北京
ORD000155,2024-04-04,C1111,AirPods Pro,电子产品,3,266.46,799.38,货到付款,南京
ORD000156,2024-05-12,C1068,收纳箱,家居,3,1850.13,5550.39,微信,武汉
ORD000157,2024-03-24,C1169,巧克力,食品,3,223.14,669.42,银行卡,杭州
ORD000158,2024-03-31,C1157,床品四件套,家居,4,103.86,415.44,货到付款,杭州
ORD000159,2024-06-22,C1040,香水,美妆,3,1035.91,3107.73,微信,广州
ORD000160,2024-04-03,C1092,T恤,服装,,1561.46,3122.92,货到付款,重庆
ORD000161,2024-05-26,C1035,深度学习,图书,109,1530.91,166869.19,银行卡,武汉
ORD000162,2024-05-23,C1030,MacBook Air,电子产品,4,1045.14,4180.56,银行卡,杭州
ORD000163,2024-01-19,C1115,香水,美妆,2,262.82,525.64,支付宝,南京
ORD000164,2024-03-15,C1076,深度学习,图书,1,1108.99,1108.99,支付宝,广州
ORD000165,2024-01-07,C1092,牛仔裤,服装,2,1584.94,3169.88,银行卡,南京
ORD000166,2024-05-02,C1134,iPhone 15,电子产品,3,808.36,2425.08,货到付款,武汉
ORD000167,2024-05-12,C1088,口红,美妆,4,942.35,3769.4,支付宝,西安
ORD000168,2024-05-12,C1039,加湿器,家居,1,1666.15,1666.15,银行卡,广州
ORD000169,2024-06-11,C1141,巧克力,食品,1,516.2,516.2,银行卡,广州
ORD000170,2024-02-09,C1043,面膜,美妆,,1884.38,9421.9,银行卡,重庆
ORD000171,2024-05-26,C1106,洗面奶,美妆,3,1309.24,3927.72,微信,南京
ORD000172,2024-06-24,C1103,统计学,图书,2,1613.28,3226.56,银行卡,南京
ORD000173,2024-02-06,C1080,收纳箱,家居,2,693.58,1387.16,银行卡,成都
ORD000174,2024-02-01,C1068,坚果礼盒,食品,3,498.64,1495.92,货到付款,深圳
ORD000175,2024-02-10,C1083,咖啡豆,食品,2,1926.12,3852.24,银行卡,深圳
ORD000176,2024-04-10,C1129,床品四件套,家居,4,65.89,263.56,货到付款,深圳
ORD000177,2024-01-03,C1027,加湿器,家居,4,585.78,2343.12,货到付款,广州
ORD000178,2024-05-23,C1049,Python数据分析,图书,4,121.29,485.16,银行卡,西安
ORD000179,2024-01-31,C1032,巧克力,食品,5,1367.19,6835.95,微信,武汉
ORD000180,2024-04-12,C1128,机器学习实战,图书,,1212.88,2425.76,微信,北京
ORD000181,2024-05-11,C1035,咖啡豆,食品,2,1220.4,2440.8,银行卡,重庆
ORD000182,2024-05-10,C1136,SQL必知必会,图书,3,1024.48,3073.44,货到付款,重庆
ORD000183,2024-06-25,C1161,口红,美妆,4,1175.73,4702.92,微信,重庆
ORD000184,2024-05-29,C1122,茶叶,食品,2,1448.37,2896.74,支付宝,西安
ORD000185,2024-06-28,C1028,牛仔裤,服装,1,1153.69,1153.69,支付宝,北京
ORD000186,2024-04-30,C1188,连衣裙,服装,5,1554.45,7772.25,微信,广州
ORD000187,2024-02-14,C1117,加湿器,家居,4,641.23,2564.92,银行卡,西安
ORD000188,2024-03-04,C1071,精华液,美妆,5,978.68,4893.4,银行卡,深圳
ORD000189,2024-03-30,C1143,面膜,美妆,4,647.74,2590.96,银行卡,杭州
ORD000190,2024-03-14,C1182,床品四件套,家居,2,595.1,1190.2,微信,成都
ORD000191,2024-05-23,C1178,牛仔裤,服装,5,556.84,2784.2,银行卡,广州
ORD000192,2024-01-14,C1025,小米手环,电子产品,2,1283.13,2566.26,货到付款,成都
ORD000193,2024-05-01,C1122,小米手环,电子产品,2,825.68,1651.36,支付宝,杭州
ORD000194,2024-01-10,C1044,小米手环,电子产品,2,1079.6,2159.2,货到付款,广州
ORD000195,2024-01-03,C1076,沙发,家居,3,1755.95,5267.85,微信,成都
ORD000196,2024-02-19,C1028,沙发,家居,5,946.68,4733.4,银行卡,广州
ORD000197,2024-02-19,C1044,AirPods Pro,电子产品,3,1144.21,3432.63,货到付款,武汉
ORD000198,2024-03-04,C1001,牛仔裤,服装,4,660.73,2642.92,银行卡,武汉
ORD000199,2024-06-16,C1092,SQL必知必会,图书,5,42.64,213.2,支付宝,北京
ORD000200,2024-06-12,C1075,洗面奶,美妆,3,1386.77,4160.31,银行卡,重庆
ORD000201,2024-05-20,C1120,加湿器,家居,3,843.37,2530.11,支付宝,深圳
ORD000202,2024-01-20,C1144,咖啡豆,食品,5,1413.46,7067.3,微信,北京
ORD000203,2024-05-13,C1113,进口牛奶,食品,2,669.67,1339.34,微信,深圳
ORD000204,2024-04-16,C1116,台灯,家居,356,281.25,100125.0,微信,西安
ORD000205,2024-05-28,C1018,床品四件套,家居,1,1496.69,1496.69,微信,武汉
ORD000206,2024-02-16,C1196,iPad,电子产品,1,588.44,588.44,支付宝,武汉
ORD000207,2024-06-18,C1138,收纳箱,家居,1,1371.81,1371.81,支付宝,成都
ORD000208,2024-03-17,C1118,牛仔裤,服装,1,1517.24,1517.24,货到付款,西安
ORD000209,2024-01-29,C1008,羽绒服,服装,2,1876.07,3752.14,货到付款,重庆
ORD000210,2024-04-24,C1153,T恤,服装,1,1196.01,1196.01,微信,深圳
ORD000211,2024-03-15,C1059,T恤,服装,2,1017.71,2035.42,银行卡,重庆
ORD000212,2024-03-17,C1070,机器学习实战,图书,5,457.66,2288.3,微信,西安
ORD000213,2024-03-29,C1164,香水,美妆,5,1001.33,5006.65,货到付款,西安
ORD000214,2024-02-27,C1076,沙发,家居,5,957.57,4787.85,支付宝,南京
ORD000215,2024-03-06,C1052,茶叶,食品,2,789.07,1578.14,银行卡,上海
ORD000216,2024-06-21,C1154,面膜,美妆,1,551.55,551.55,微信,上海
ORD000217,2024-03-26,C1077,进口牛奶,食品,4,433.6,1734.4,微信,深圳
ORD000218,2024-04-11,C1061,沙发,家居,5,1413.46,7067.3,银行卡,杭州
ORD000219,2024-04-29,C1025,深度学习,图书,5,1767.97,8839.85,货到付款,成都
ORD000220,2024-05-21,C1149,进口牛奶,食品,2,52.12,104.24,货到付款,杭州
ORD000221,2024-06-24,C1086,连衣裙,服装,5,1316.12,6580.6,银行卡,南京
ORD000222,2024-05-19,C1125,羽绒服,服装,2,297.12,594.24,支付宝,西安
ORD000223,2024-06-10,C1059,iPhone 15,电子产品,,836.54,836.54,微信,广州
ORD000224,2024-01-05,C1001,茶叶,食品,,1325.38,5301.52,货到付款,北京
ORD000225,2024-06-21,C1110,Python数据分析,图书,5,1630.05,8150.25,支付宝,上海
ORD000226,2024-03-09,C1101,茶叶,食品,3,1634.12,4902.36,微信,成都
ORD000227,2024-01-21,C1167,面膜,美妆,3,1374.4,4123.2,微信,上海
ORD000228,2024-04-21,C1165,口红,美妆,2,183.72,367.44,银行卡,重庆
ORD000229,2024-06-26,C1145,MacBook Air,电子产品,,1804.52,3609.04,货到付款,杭州
ORD000230,2024-03-21,C1004,茶叶,食品,1,375.12,375.12,支付宝,重庆
ORD000231,2024-05-25,C1099,AirPods Pro,电子产品,2,1136.64,2273.28,银行卡,武汉
ORD000232,2024-03-29,C1013,口红,美妆,5,1496.0,7480.0,微信,武汉
ORD000233,2024-03-24,C1007,茶叶,食品,4,1938.46,7753.84,银行卡,南京
ORD000234,2024-01-22,C1197,沙发,家居,5,1328.13,6640.65,银行卡,深圳
ORD000235,2024-01-28,C1023,面膜,美妆,4,647.02,2588.08,微信,杭州
ORD000236,2024-05-22,C1131,MacBook Air,电子产品,,908.71,3634.84,货到付款,上海
ORD000237,2024-04-15,C1099,巧克力,食品,4,44.43,177.72,微信,西安
ORD000238,2024-03-18,C1068,连衣裙,服装,2,294.9,589.8,货到付款,广州
ORD000239,2024-03-04,C1184,台灯,家居,3,518.37,1555.11,货到付款,重庆
ORD000240,2024-04-07,C1084,iPad,电子产品,3,1686.39,5059.17,货到付款,成都
ORD000241,2024-06-26,C1051,进口牛奶,食品,3,654.92,1964.76,货到付款,成都
ORD000242,2024-03-24,C1096,香水,美妆,5,1568.31,7841.55,银行卡,武汉
ORD000243,2024-04-28,C1181,进口牛奶,食品,5,73.29,366.45,支付宝,南京
ORD000244,2024-03-02,C1064,收纳箱,家居,2,1274.01,2548.02,支付宝,武汉
ORD000245,2024-06-26,C1107,加湿器,家居,4,1078.05,4312.2,微信,成都
ORD000246,2024-03-31,C1042,iPhone 15,电子产品,2,1322.05,2644.1,微信,重庆
ORD000247,2024-03-07,C1056,统计学,图书,1,40.88,40.88,支付宝,南京
ORD000248,2024-01-07,C1123,洗面奶,美妆,2,703.04,1406.08,微信,杭州
ORD000249,2024-04-26,C1200,面膜,美妆,3,637.54,1912.62,支付宝,西安
ORD000250,2024-01-12,C1181,香水,美妆,3,153.01,459.03,微信,北京
ORD000251,2024-02-10,C1084,牛仔裤,服装,5,365.42,1827.1,货到付款,南京
ORD000252,2024-06-06,C1050,香水,美妆,4,77.8,,货到付款,重庆
ORD000253,2024-05-17,C1047,Python数据分析,图书,5,221.47,1107.35,银行卡,成都
ORD000254,2024-06-05,C1100,加湿器,家居,371,1202.0,445942.0,微信,成都
ORD000255,2024-06-21,C1034,精华液,美妆,5,1188.53,5942.65,银行卡,上海
ORD000256,2024-02-05,C1147,运动鞋,服装,4,848.11,3392.44,货到付款,武汉
ORD000257,2024-03-14,C1035,面膜,美妆,5,350.39,1751.95,支付宝,成都
ORD000258,2024-04-08,C1143,iPad,电子产品,2,406.35,812.7,货到付款,武汉
ORD000259,2024-02-26,C1074,沙发,家居,1,1139.49,1139.49,微信,杭州
ORD000260,2024-05-26,C1029,咖啡豆,食品,5,1031.4,5157.0,银行卡,西安
ORD000261,2024-04-18,C1026,iPad,电子产品,5,452.71,2263.55,支付宝,杭州
ORD000262,2024-03-01,C1053,iPad,电子产品,1,1555.75,1555.75,银行卡,重庆
ORD000263,2024-05-16,C1071,牛仔裤,服装,1,1148.75,1148.75,支付宝,成都
ORD000264,2024-04-15,C1015,坚果礼盒,食品,2,1926.29,3852.58,银行卡,广州
ORD000265,2024-05-27,C1161,机器学习实战,图书,4,989.13,3956.52,银行卡,武汉
ORD000266,2024-06-26,C1094,iPad,电子产品,5,1504.61,,货到付款,南京
ORD000267,2024-06-27,C1091,口红,美妆,4,1276.98,5107.92,微信,西安
ORD000268,2024-03-27,C1140,床品四件套,家居,3,1660.12,4980.36,支付宝,重庆
ORD000269,2024-04-27,C1004,iPhone 15,电子产品,1,1259.84,,微信,广州
ORD000270,2024-03-11,C1023,牛仔裤,服装,3,334.78,1004.34,银行卡,杭州
ORD000271,2024-02-29,C1109,iPad,电子产品,,1457.46,4372.38,微信,上海
ORD000272,2024-06-27,C1087,运动鞋,服装,4,38.39,153.56,微信,武汉
ORD000273,2024-03-17,C1035,iPhone 15,电子产品,1,640.44,640.44,货到付款,广州
ORD000274,2024-04-22,C1089,坚果礼盒,食品,5,1307.04,6535.2,支付宝,广州
ORD000275,2024-02-01,C1150,T恤,服装,1,297.23,297.23,货到付款,成都
ORD000276,2024-06-02,C1184,Python数据分析,图书,2,1115.73,2231.46,银行卡,北京
ORD000277,2024-04-10,C1075,茶叶,食品,5,393.52,1967.6,微信,深圳
ORD000278,2024-01-04,C1092,坚果礼盒,食品,5,1779.67,8898.35,银行卡,广州
ORD000279,2024-01-19,C1004,进口牛奶,食品,4,1909.82,7639.28,微信,北京
ORD000280,2024-05-08,C1196,加湿器,家居,3,1264.57,3793.71,货到付款,武汉
ORD000281,2024-01-21,C1130,进口牛奶,食品,3,185.52,556.56,支付宝,广州
ORD000282,2024-03-02,C1014,口红,美妆,3,1403.38,4210.14,支付宝,上海
ORD000283,2024-02-05,C1179,AirPods Pro,电子产品,2,256.5,513.0,微信,广州
ORD000284,2024-03-09,C1187,精华液,美妆,2,756.3,1512.6,微信,北京
ORD000285,2024-05-10,C1092,SQL必知必会,图书,1,1002.37,1002.37,微信,南京
ORD000286,2024-05-10,C1000,小米手环,电子产品,1,472.24,472.24,微信,北京
ORD000287,2024-06-16,C1107,牛仔裤,服装,1,1114.67,1114.67,支付宝,成都
ORD000288,2024-06-21,C1013,小米手环,电子产品,3,256.41,769.23,支付宝,深圳
ORD000289,2024-03-20,C1083,iPad,电子产品,3,1551.58,4654.74,微信,西安
ORD000290,2024-05-31,C1126,SQL必知必会,图书,2,938.57,1877.14,支付宝,西安
ORD000291,2024-06-11,C1177,台灯,家居,,1092.26,2184.52,微信,成都
ORD000292,2024-03-01,C1107,精华液,美妆,1,426.28,426.28,货到付款,北京
ORD000293,2024-04-05,C1117,MacBook Air,电子产品,5,837.85,4189.25,微信,重庆
ORD000294,2024-06-18,C1033,小米手环,电子产品,5,143.32,716.6,支付宝,杭州
ORD000295,2024-02-29,C1019,精华液,美妆,3,916.46,2749.38,支付宝,广州
ORD000296,2024-01-31,C1137,连衣裙,服装,4,641.79,2567.16,银行卡,深圳
ORD000297,2024-06-27,C1154,MacBook Air,电子产品,3,1656.25,4968.75,微信,深圳
ORD000298,2024-06-22,C1076,羽绒服,服装,,1036.65,4146.6,银行卡,广州
ORD000299,2024-01-27,C1035,洗面奶,美妆,2,207.56,415.12,微信,北京
ORD000300,2024-06-14,C1021,连衣裙,服装,,1378.84,4136.52,银行卡,上海
ORD000301,2024-03-25,C1031,沙发,家居,1,1812.05,1812.05,微信,南京
ORD000302,2024-06-23,C1109,香水,美妆,4,78.37,313.48,支付宝,成都
ORD000303,2024-03-03,C1165,T恤,服装,5,1245.97,6229.85,银行卡,南京
ORD000304,2024-06-13,C1134,统计学,图书,2,850.08,1700.16,支付宝,西安
ORD000305,2024-03-29,C1144,统计学,图书,5,1567.24,,银行卡,武汉
ORD000306,2024-04-30,C1135,AirPods Pro,电子产品,1,1621.13,1621.13,银行卡,重庆
ORD000307,2024-01-15,C1195,面膜,美妆,3,1076.71,3230.13,支付宝,重庆
ORD000308,2024-06-27,C1091,牛仔裤,服装,2,1193.19,2386.38,微信,成都
ORD000309,2024-05-05,C1009,连衣裙,服装,5,631.93,3159.65,微信,北京
ORD000310,2024-02-03,C1087,AirPods Pro,电子产品,5,418.9,2094.5,支付宝,成都
ORD000311,2024-01-19,C1095,T恤,服装,5,1724.13,8620.65,货到付款,重庆
ORD000312,2024-02-14,C1181,连衣裙,服装,4,1305.38,5221.52,银行卡,深圳
ORD000313,2024-01-01,C1179,精华液,美妆,270,371.86,100402.2,货到付款,重庆
ORD000314,2024-05-07,C1036,进口牛奶,食品,5,226.14,1130.7,银行卡,上海
ORD000315,2024-02-23,C1063,AirPods Pro,电子产品,4,42.56,170.24,微信,成都
ORD000316,2024-04-15,C1126,收纳箱,家居,4,1938.82,7755.28,货到付款,成都
ORD000317,2024-01-09,C1075,进口牛奶,食品,2,913.55,1827.1,微信,成都
ORD000318,2024-01-24,C1086,沙发,家居,1,1103.15,1103.15,货到付款,北京
ORD000319,2024-02-22,C1048,沙发,家居,1,220.49,220.49,货到付款,西安
ORD000320,2024-04-10,C1146,深度学习,图书,2,209.91,,货到付款,广州
ORD000321,2024-01-07,C1052,洗面奶,美妆,4,415.36,1661.44,支付宝,杭州
ORD000322,2024-03-08,C1023,收纳箱,家居,4,1791.86,7167.44,货到付款,广州
ORD000323,2024-02-27,C1068,AirPods Pro,电子产品,4,940.81,3763.24,微信,广州
ORD000324,2024-05-30,C1058,SQL必知必会,图书,4,1942.0,7768.0,微信,武汉
ORD000325,2024-01-21,C1101,加湿器,家居,2,963.0,1926.0,微信,西安
ORD000326,2024-04-24,C1044,进口牛奶,食品,1,1899.52,1899.52,支付宝,深圳
ORD000327,2024-06-09,C1037,香水,美妆,2,1994.59,3989.18,银行卡,成都
ORD000328,2024-03-11,C1133,加湿器,家居,4,1113.07,4452.28,货到付款,北京
ORD000329,2024-05-25,C1150,台灯,家居,4,316.29,1265.16,微信,上海
ORD000330,2024-06-16,C1124,巧克力,食品,4,542.99,2171.96,货到付款,北京
ORD000331,2024-03-25,C1176,香水,美妆,1,803.67,803.67,支付宝,北京
ORD000332,2024-05-05,C1178,AirPods Pro,电子产品,3,635.68,1907.04,微信,深圳
ORD000333,2024-01-23,C1048,深度学习,图书,4,1217.86,4871.44,货到付款,深圳
ORD000334,2024-02-10,C1016,巧克力,食品,1,1040.23,1040.23,银行卡,西安
ORD000335,2024-02-21,C1014,坚果礼盒,食品,2,401.67,803.34,支付宝,北京
ORD000336,2024-06-11,C1031,深度学习,图书,4,1020.15,4080.6,微信,深圳
ORD000337,2024-02-11,C1066,加湿器,家居,,712.52,3562.6,微信,杭州
ORD000338,2024-03-09,C1166,牛仔裤,服装,,1361.84,2723.68,货到付款,西安
ORD000339,2024-06-02,C1002,iPad,电子产品,2,1301.8,2603.6,支付宝,杭州
ORD000340,2024-03-30,C1117,精华液,美妆,4,1793.06,7172.24,银行卡,深圳
ORD000341,2024-06-18,C1095,加湿器,家居,1,34.55,34.55,银行卡,杭州
ORD000342,2024-06-15,C1076,深度学习,图书,3,537.07,1611.21,支付宝,广州
ORD000343,2024-01-07,C1167,咖啡豆,食品,3,1367.9,4103.7,货到付款,杭州
ORD000344,2024-03-28,C1185,小米手环,电子产品,5,1635.71,8178.55,支付宝,西安
ORD000345,2024-06-17,C1142,SQL必知必会,图书,3,1693.93,5081.79,支付宝,杭州
ORD000346,2024-02-26,C1090,进口牛奶,食品,3,1315.78,3947.34,支付宝,杭州
ORD000347,2024-04-30,C1013,巧克力,食品,4,1705.4,6821.6,微信,南京
ORD000348,2024-02-08,C1035,加湿器,家居,3,837.95,2513.85,支付宝,成都
ORD000349,2024-02-16,C1199,沙发,家居,3,1727.54,5182.62,微信,南京
ORD000350,2024-02-13,C1147,iPhone 15,电子产品,4,561.59,2246.36,支付宝,南京
ORD000351,2024-05-02,C1098,收纳箱,家居,4,869.47,3477.88,微信,北京
ORD000352,2024-01-02,C1160,SQL必知必会,图书,2,55.47,110.94,支付宝,深圳
ORD000353,2024-01-17,C1011,加湿器,家居,5,626.11,3130.55,银行卡,杭州
ORD000354,2024-05-05,C1091,沙发,家居,3,1992.36,5977.08,支付宝,广州
ORD000355,2024-01-06,C1150,牛仔裤,服装,2,438.16,876.32,支付宝,上海
ORD000356,2024-06-01,C1012,精华液,美妆,450,1253.81,564214.5,微信,北京
ORD000357,2024-02-09,C1052,小米手环,电子产品,3,959.3,2877.9,微信,杭州
ORD000358,2024-01-27,C1130,茶叶,食品,2,849.27,1698.54,微信,杭州
ORD000359,2024-04-01,C1180,羽绒服,服装,5,1946.78,9733.9,货到付款,杭州
ORD000360,2024-01-04,C1171,香水,美妆,3,484.32,1452.96,微信,上海
ORD000361,2024-01-26,C1065,小米手环,电子产品,281,1452.66,408197.46,支付宝,南京
ORD000362,2024-04-02,C1173,MacBook Air,电子产品,1,1707.45,1707.45,银行卡,武汉
ORD000363,2024-02-13,C1084,iPhone 15,电子产品,2,1333.44,2666.88,银行卡,南京
ORD000364,2024-04-12,C1116,深度学习,图书,2,245.39,490.78,银行卡,武汉
ORD000365,2024-01-16,C1040,T恤,服装,2,1398.42,2796.84,微信,武汉
ORD000366,2024-04-01,C1156,沙发,家居,5,771.91,3859.55,微信,广州
ORD000367,2024-03-21,C1003,台灯,家居,1,537.99,537.99,支付宝,成都
ORD000368,2024-06-22,C1164,沙发,家居,4,704.58,2818.32,货到付款,广州
ORD000369,2024-04-30,C1126,iPhone 15,电子产品,2,1021.02,2042.04,支付宝,上海
ORD000370,2024-06-13,C1096,Python数据分析,图书,5,460.96,2304.8,货到付款,深圳
ORD000371,2024-05-07,C1190,iPad,电子产品,4,645.8,2583.2,微信,上海
ORD000372,2024-05-10,C1143,小米手环,电子产品,5,1282.33,6411.65,支付宝,南京
ORD000373,2024-06-07,C1153,连衣裙,服装,3,1129.1,3387.3,货到付款,成都
ORD000374,2024-06-11,C1074,T恤,服装,,723.18,2169.54,银行卡,上海
ORD000375,2024-02-20,C1048,香水,美妆,1,523.49,523.49,微信,武汉
ORD000376,2024-06-11,C1172,Python数据分析,图书,4,112.07,448.28,微信,南京
ORD000377,2024-05-21,C1110,台灯,家居,5,1477.7,7388.5,货到付款,西安
ORD000378,2024-06-02,C1155,牛仔裤,服装,1,787.06,787.06,银行卡,西安
ORD000379,2024-03-28,C1075,面膜,美妆,3,807.78,2423.34,货到付款,广州
ORD000380,2024-05-21,C1161,巧克力,食品,5,1724.2,8621.0,支付宝,深圳
ORD000381,2024-06-26,C1163,面膜,美妆,2,1017.71,2035.42,银行卡,上海
ORD000382,2024-04-18,C1003,香水,美妆,5,586.14,2930.7,微信,北京
ORD000383,2024-02-07,C1015,机器学习实战,图书,3,1373.11,4119.33,银行卡,深圳
ORD000384,2024-06-14,C1143,小米手环,电子产品,5,1732.39,8661.95,货到付款,深圳
ORD000385,2024-06-24,C1080,口红,美妆,4,787.36,3149.44,微信,北京
ORD000386,2024-05-19,C1189,沙发,家居,3,1515.11,4545.33,支付宝,深圳
ORD000387,2024-01-11,C1109,牛仔裤,服装,5,256.32,1281.6,银行卡,西安
ORD000388,2024-02-09,C1010,AirPods Pro,电子产品,4,1425.18,5700.72,支付宝,成都
ORD000389,2024-05-20,C1091,精华液,美妆,4,1584.02,6336.08,微信,成都
ORD000390,2024-04-13,C1023,进口牛奶,食品,4,1095.3,4381.2,银行卡,深圳
ORD000391,2024-05-23,C1192,机器学习实战,图书,5,1070.39,5351.95,微信,上海
ORD000392,2024-06-23,C1082,茶叶,食品,2,1918.62,3837.24,货到付款,上海
ORD000393,2024-04-24,C1124,巧克力,食品,5,1609.58,8047.9,微信,杭州
ORD000394,2024-06-09,C1016,MacBook Air,电子产品,5,1075.75,5378.75,支付宝,深圳
ORD000395,2024-02-09,C1006,咖啡豆,食品,,1498.84,1498.84,货到付款,成都
ORD000396,2024-02-28,C1066,SQL必知必会,图书,1,1158.43,1158.43,货到付款,武汉
ORD000397,2024-06-07,C1016,台灯,家居,5,31.68,158.4,微信,上海
ORD000398,2024-04-22,C1097,精华液,美妆,5,191.28,956.4,货到付款,北京
ORD000399,2024-02-06,C1076,加湿器,家居,3,1921.07,5763.21,银行卡,北京
ORD000400,2024-05-20,C1021,小米手环,电子产品,5,800.28,4001.4,银行卡,深圳
ORD000401,2024-02-26,C1157,加湿器,家居,2,338.69,677.38,银行卡,深圳
ORD000402,2024-01-19,C1074,小米手环,电子产品,4,1296.46,5185.84,微信,杭州
ORD000403,2024-03-01,C1025,深度学习,图书,2,1349.17,2698.34,银行卡,重庆
ORD000404,2024-02-09,C1144,SQL必知必会,图书,3,1393.05,4179.15,银行卡,成都
ORD000405,2024-02-04,C1173,连衣裙,服装,3,1683.42,5050.26,银行卡,南京
ORD000406,2024-01-21,C1071,坚果礼盒,食品,2,1298.19,2596.38,支付宝,西安
ORD000407,2024-06-10,C1007,口红,美妆,1,1702.18,1702.18,货到付款,重庆
ORD000408,2024-02-27,C1197,咖啡豆,食品,2,744.32,1488.64,银行卡,广州
ORD000409,2024-06-06,C1175,坚果礼盒,食品,2,1699.0,3398.0,支付宝,西安
ORD000410,2024-01-11,C1056,进口牛奶,食品,4,1879.57,7518.28,货到付款,深圳
ORD000411,2024-04-26,C1011,运动鞋,服装,3,788.42,2365.26,微信,成都
ORD000412,2024-02-14,C1096,深度学习,图书,5,1097.81,5489.05,货到付款,成都
ORD000413,2024-03-31,C1088,统计学,图书,2,1042.42,,货到付款,南京
ORD000414,2024-06-13,C1071,沙发,家居,2,172.63,345.26,支付宝,广州
ORD000415,2024-01-30,C1123,MacBook Air,电子产品,4,1626.12,6504.48,货到付款,南京
ORD000416,2024-05-31,C1041,MacBook Air,电子产品,,273.21,273.21,支付宝,西安
ORD000417,2024-06-02,C1144,机器学习实战,图书,5,1917.31,9586.55,微信,杭州
ORD000418,2024-04-15,C1153,收纳箱,家居,2,454.34,908.68,支付宝,重庆
ORD000419,2024-06-01,C1151,机器学习实战,图书,3,1846.26,5538.78,微信,深圳
ORD000420,2024-06-04,C1024,茶叶,食品,4,1656.5,6626.0,支付宝,南京
ORD000421,2024-06-17,C1033,茶叶,食品,1,204.52,204.52,微信,武汉
ORD000422,2024-05-03,C1196,咖啡豆,食品,2,1878.07,3756.14,货到付款,成都
ORD000423,2024-03-06,C1122,洗面奶,美妆,1,862.47,862.47,支付宝,上海
ORD000424,2024-01-31,C1133,T恤,服装,1,1164.41,1164.41,微信,武汉
ORD000425,2024-05-29,C1064,Python数据分析,图书,2,863.62,1727.24,银行卡,西安
ORD000426,2024-05-22,C1123,香水,美妆,2,838.19,1676.38,支付宝,成都
ORD000427,2024-06-17,C1030,巧克力,食品,4,1476.85,5907.4,支付宝,南京
ORD000428,2024-06-06,C1178,咖啡豆,食品,3,1605.69,4817.07,微信,广州
ORD000429,2024-01-17,C1067,连衣裙,服装,5,882.05,4410.25,支付宝,成都
ORD000430,2024-06-01,C1014,加湿器,家居,5,587.21,2936.05,支付宝,南京
ORD000431,2024-06-02,C1130,巧克力,食品,2,86.55,173.1,支付宝,重庆
ORD000432,2024-04-12,C1090,MacBook Air,电子产品,1,1993.7,1993.7,货到付款,武汉
ORD000433,2024-05-23,C1149,iPhone 15,电子产品,5,583.3,2916.5,银行卡,成都
ORD000434,2024-03-07,C1044,连衣裙,服装,4,1158.32,4633.28,货到付款,西安
ORD000435,2024-05-27,C1064,小米手环,电子产品,3,1754.7,5264.1,货到付款,武汉
ORD000436,2024-05-03,C1029,收纳箱,家居,5,1726.81,8634.05,银行卡,上海
ORD000437,2024-03-31,C1132,面膜,美妆,3,836.6,2509.8,微信,杭州
ORD000438,2024-05-01,C1080,Python数据分析,图书,5,1864.16,9320.8,银行卡,深圳
ORD000439,2024-03-01,C1188,面膜,美妆,4,1479.48,5917.92,支付宝,杭州
ORD000440,2024-01-31,C1020,巧克力,食品,,1562.3,3124.6,货到付款,重庆
ORD000441,2024-05-27,C1070,床品四件套,家居,5,644.53,3222.65,货到付款,广州
ORD000442,2024-04-18,C1122,运动鞋,服装,2,127.21,254.42,微信,西安
ORD000443,2024-06-25,C1002,台灯,家居,5,930.94,4654.7,微信,深圳
ORD000444,2024-03-09,C1120,机器学习实战,图书,5,540.44,2702.2,银行卡,成都
ORD000445,2024-02-16,C1146,深度学习,图书,4,573.67,2294.68,支付宝,重庆
ORD000446,2024-02-20,C1037,运动鞋,服装,4,1715.49,6861.96,支付宝,南京
ORD000447,2024-05-04,C1076,洗面奶,美妆,5,1446.71,7233.55,银行卡,西安
ORD000448,2024-05-01,C1161,T恤,服装,2,1631.36,3262.72,微信,南京
ORD000449,2024-02-01,C1089,巧克力,食品,3,59.27,177.81,支付宝,重庆
ORD000450,2024-05-04,C1198,深度学习,图书,3,1352.92,4058.76,货到付款,上海
ORD000451,2024-06-05,C1146,牛仔裤,服装,3,855.2,2565.6,货到付款,上海
ORD000452,2024-04-11,C1069,精华液,美妆,3,1218.66,3655.98,货到付款,成都
ORD000453,2024-03-01,C1169,牛仔裤,服装,1,267.58,267.58,银行卡,上海
ORD000454,2024-04-11,C1134,加湿器,家居,1,72.2,72.2,微信,上海
ORD000455,2024-03-13,C1113,床品四件套,家居,2,509.85,1019.7,支付宝,广州
ORD000456,2024-05-18,C1069,深度学习,图书,4,945.04,3780.16,货到付款,广州
ORD000457,2024-06-12,C1163,咖啡豆,食品,5,881.26,4406.3,银行卡,成都
ORD000458,2024-03-18,C1002,深度学习,图书,4,534.42,2137.68,微信,西安
ORD000459,2024-05-05,C1193,加湿器,家居,,1381.78,1381.78,货到付款,杭州
ORD000460,2024-04-15,C1143,T恤,服装,5,759.81,3799.05,货到付款,武汉
ORD000461,2024-06-09,C1061,沙发,家居,3,176.84,530.52,银行卡,杭州
ORD000462,2024-01-29,C1163,T恤,服装,2,290.52,581.04,货到付款,重庆
ORD000463,2024-05-16,C1005,Python数据分析,图书,2,118.27,236.54,支付宝,上海
ORD000464,2024-05-06,C1055,MacBook Air,电子产品,1,318.35,318.35,银行卡,武汉
ORD000465,2024-02-07,C1014,台灯,家居,3,178.84,536.52,银行卡,武汉
ORD000466,2024-03-04,C1098,统计学,图书,1,261.48,261.48,货到付款,深圳
ORD000467,2024-06-23,C1079,小米手环,电子产品,2,956.19,1912.38,银行卡,广州
ORD000468,2024-03-17,C1050,坚果礼盒,食品,3,972.83,2918.49,银行卡,北京
ORD000469,2024-03-11,C1149,香水,美妆,387,49.83,19284.21,微信,武汉
ORD000470,2024-01-23,C1063,香水,美妆,5,326.88,1634.4,支付宝,南京
ORD000471,2024-02-09,C1179,口红,美妆,1,723.92,723.92,微信,广州
ORD000472,2024-01-06,C1176,精华液,美妆,4,1471.71,5886.84,货到付款,成都
ORD000473,2024-06-27,C1125,香水,美妆,5,603.53,3017.65,支付宝,重庆
ORD000474,2024-05-15,C1039,SQL必知必会,图书,5,337.48,1687.4,货到付款,杭州
ORD000475,2024-01-05,C1158,洗面奶,美妆,4,1472.64,5890.56,银行卡,重庆
ORD000476,2024-05-07,C1196,咖啡豆,食品,2,1057.66,2115.32,支付宝,重庆
ORD000477,2024-02-03,C1045,小米手环,电子产品,1,106.68,106.68,微信,深圳
ORD000478,2024-06-28,C1151,香水,美妆,4,1061.13,4244.52,银行卡,北京
ORD000479,2024-06-12,C1015,连衣裙,服装,1,946.76,946.76,银行卡,西安
ORD000480,2024-01-11,C1187,口红,美妆,5,546.31,2731.55,微信,杭州
ORD000481,2024-02-19,C1134,MacBook Air,电子产品,5,782.96,3914.8,支付宝,重庆
ORD000482,2024-04-27,C1179,台灯,家居,5,728.77,3643.85,货到付款,上海
ORD000483,2024-04-23,C1090,机器学习实战,图书,5,1996.9,9984.5,银行卡,西安
ORD000484,2024-05-24,C1139,香水,美妆,3,1224.66,3673.98,支付宝,武汉
ORD000485,2024-01-09,C1072,收纳箱,家居,4,20.39,81.56,微信,西安
ORD000486,2024-06-25,C1070,牛仔裤,服装,,62.97,188.91,支付宝,上海
ORD000487,2024-03-17,C1023,SQL必知必会,图书,2,481.33,962.66,货到付款,重庆
ORD000488,2024-06-25,C1179,沙发,家居,4,1654.9,6619.6,微信,重庆
ORD000489,2024-03-26,C1089,台灯,家居,1,1845.31,1845.31,货到付款,武汉
ORD000490,2024-06-10,C1097,洗面奶,美妆,1,1275.1,1275.1,微信,杭州
ORD000491,2024-06-21,C1187,SQL必知必会,图书,2,323.33,646.66,货到付款,南京
ORD000492,2024-03-27,C1021,床品四件套,家居,4,313.06,1252.24,货到付款,重庆
ORD000493,2024-02-03,C1195,加湿器,家居,4,1552.17,6208.68,支付宝,南京
ORD000494,2024-05-14,C1063,运动鞋,服装,5,1994.22,9971.1,支付宝,上海
ORD000495,2024-04-18,C1093,坚果礼盒,食品,1,1350.06,1350.06,银行卡,深圳
ORD000496,2024-04-23,C1159,机器学习实战,图书,,1240.12,3720.36,支付宝,南京
ORD000497,2024-01-14,C1062,机器学习实战,图书,,242.5,242.5,支付宝,杭州
ORD000498,2024-05-17,C1054,收纳箱,家居,1,677.12,677.12,支付宝,西安
ORD000499,2024-06-18,C1134,面膜,美妆,1,765.68,765.68,微信,杭州
ORD000500,2024-01-03,C1017,巧克力,食品,1,940.62,940.62,货到付款,杭州
ORD000056,2024-01-06,C1159,iPhone 15,电子产品,2,414.73,829.46,支付宝,深圳
ORD000010,2024-04-12,C1092,SQL必知必会,图书,301,1797.69,541104.69,支付宝,广州
ORD000150,2024-01-22,C1134,咖啡豆,食品,2,1335.46,2670.92,银行卡,上海
ORD000445,2024-02-16,C1146,深度学习,图书,4,573.67,2294.68,支付宝,重庆
ORD000453,2024-03-01,C1169,牛仔裤,服装,1,267.58,267.58,银行卡,上海
ORD000333,2024-01-23,C1048,深度学习,图书,4,1217.86,4871.44,货到付款,深圳
ORD000198,2024-03-04,C1001,牛仔裤,服装,4,660.73,2642.92,银行卡,武汉
ORD000119,2024-03-30,C1001,羽绒服,服装,3,1844.64,5533.92,支付宝,广州
ORD000195,2024-01-03,C1076,沙发,家居,3,1755.95,5267.85,微信,成都
ORD000261,2024-04-18,C1026,iPad,电子产品,5,452.71,2263.55,支付宝,杭州
ORD000364,2024-04-12,C1116,深度学习,图书,2,245.39,490.78,银行卡,武汉
ORD000051,2024-04-09,C1197,台灯,家居,2,1669.12,,微信,重庆
ORD000463,2024-05-16,C1005,Python数据分析,图书,2,118.27,236.54,支付宝,上海
ORD000162,2024-05-23,C1030,MacBook Air,电子产品,4,1045.14,4180.56,银行卡,杭州
ORD000249,2024-04-26,C1200,面膜,美妆,3,637.54,1912.62,支付宝,西安
