订单号,商品1,商品2,商品3,商品4,商品5
TXN00001,巧克力,坚果,,,
TXN00002,咖啡,啤酒,肉类,牛奶,
TXN00003,啤酒,薯片,饼干,,
TXN00004,牛奶,面包,蔬菜,尿布,
TXN00005,咖啡,巧克力,牛奶,茶叶,可乐
TXN00006,尿布,水果,饼干,薯片,
TXN00007,尿布,鸡蛋,,,
TXN00008,水果,茶叶,牛奶,,
TXN00009,茶叶,尿布,鸡蛋,薯片,咖啡
TXN00010,水果,坚果,肉类,饼干,巧克力
TXN00011,啤酒,咖啡,,,
TXN00012,啤酒,尿布,面包,,
TXN00013,蔬菜,咖啡,,,
TXN00014,牛奶,面包,坚果,啤酒,蔬菜
TXN00015,鸡蛋,水果,饼干,啤酒,面包
TXN00016,蔬菜,薯片,茶叶,可乐,
TXN00017,坚果,肉类,蔬菜,可乐,尿布
TXN00018,啤酒,茶叶,鸡蛋,,
TXN00019,牛奶,坚果,薯片,面包,巧克力
TXN00020,牛奶,面包,肉类,鸡蛋,
TXN00021,面包,咖啡,,,
TXN00022,尿布,面包,可乐,坚果,
TXN00023,牛奶,巧克力,,,
TXN00024,啤酒,尿布,巧克力,饼干,薯片
TXN00025,薯片,鸡蛋,,,
TXN00026,尿布,坚果,鸡蛋,牛奶,啤酒
TXN00027,水果,茶叶,薯片,尿布,坚果
TXN00028,牛奶,蔬菜,薯片,,
TXN00029,咖啡,水果,啤酒,,
TXN00030,可乐,牛奶,,,
TXN00031,牛奶,面包,饼干,蔬菜,鸡蛋
TXN00032,啤酒,尿布,咖啡,肉类,水果
TXN00033,牛奶,面包,薯片,坚果,巧克力
TXN00034,肉类,鸡蛋,牛奶,蔬菜,巧克力
TXN00035,面包,巧克力,,,
TXN00036,牛奶,面包,鸡蛋,啤酒,巧克力
TXN00037,巧克力,尿布,,,
TXN00038,蔬菜,薯片,水果,鸡蛋,坚果
TXN00039,牛奶,面包,坚果,薯片,茶叶
TXN00040,面包,尿布,蔬菜,鸡蛋,牛奶
TXN00041,尿布,咖啡,面包,坚果,鸡蛋
TXN00042,蔬菜,可乐,鸡蛋,,
TXN00043,啤酒,尿布,水果,坚果,
TXN00044,肉类,蔬菜,茶叶,饼干,
TXN00045,咖啡,茶叶,饼干,巧克力,鸡蛋
TXN00046,肉类,尿布,啤酒,,
TXN00047,蔬菜,饼干,水果,巧克力,
TXN00048,薯片,饼干,面包,坚果,可乐
TXN00049,坚果,水果,肉类,,
TXN00050,茶叶,坚果,,,
TXN00051,牛奶,面包,肉类,尿布,
TXN00052,啤酒,尿布,牛奶,肉类,坚果
TXN00053,可乐,咖啡,,,
TXN00054,鸡蛋,尿布,坚果,可乐,咖啡
TXN00055,鸡蛋,薯片,尿布,,
TXN00056,可乐,茶叶,蔬菜,,
TXN00057,咖啡,尿布,,,
TXN00058,坚果,面包,,,
TXN00059,面包,咖啡,坚果,,
TXN00060,可乐,尿布,面包,,
TXN00061,可乐,蔬菜,茶叶,牛奶,
TXN00062,鸡蛋,蔬菜,茶叶,啤酒,
TXN00063,饼干,茶叶,尿布,鸡蛋,
TXN00064,巧克力,茶叶,坚果,,
TXN00065,啤酒,尿布,肉类,可乐,咖啡
TXN00066,啤酒,巧克力,蔬菜,牛奶,
TXN00067,咖啡,尿布,饼干,,
TXN00068,牛奶,面包,坚果,咖啡,啤酒
TXN00069,牛奶,面包,咖啡,肉类,
TXN00070,牛奶,面包,可乐,肉类,尿布
TXN00071,巧克力,咖啡,坚果,,
TXN00072,咖啡,尿布,,,
TXN00073,蔬菜,饼干,坚果,鸡蛋,牛奶
TXN00074,茶叶,巧克力,尿布,蔬菜,
TXN00075,肉类,蔬菜,可乐,,
TXN00076,咖啡,茶叶,肉类,,
TXN00077,鸡蛋,水果,饼干,巧克力,
TXN00078,啤酒,尿布,巧克力,茶叶,
TXN00079,啤酒,牛奶,饼干,,
TXN00080,牛奶,鸡蛋,啤酒,,
TXN00081,鸡蛋,尿布,茶叶,,
TXN00082,牛奶,面包,啤酒,咖啡,饼干
TXN00083,薯片,面包,,,
TXN00084,啤酒,尿布,薯片,面包,牛奶
TXN00085,薯片,水果,饼干,牛奶,
TXN00086,肉类,咖啡,牛奶,尿布,
TXN00087,牛奶,面包,薯片,可乐,尿布
TXN00088,巧克力,薯片,面包,鸡蛋,
TXN00089,饼干,茶叶,,,
TXN00090,巧克力,咖啡,薯片,,
TXN00091,咖啡,坚果,尿布,,
TXN00092,蔬菜,咖啡,,,
TXN00093,巧克力,茶叶,薯片,坚果,饼干
TXN00094,可乐,茶叶,啤酒,鸡蛋,水果
TXN00095,牛奶,面包,可乐,啤酒,坚果
TXN00096,肉类,坚果,,,
TXN00097,啤酒,薯片,鸡蛋,牛奶,咖啡
TXN00098,牛奶,尿布,鸡蛋,坚果,
TXN00099,水果,茶叶,薯片,肉类,咖啡
TXN00100,尿布,啤酒,,,
TXN00101,啤酒,尿布,牛奶,面包,水果
TXN00102,啤酒,尿布,牛奶,面包,茶叶
TXN00103,蔬菜,鸡蛋,饼干,,
TXN00104,水果,蔬菜,,,
TXN00105,肉类,面包,可乐,啤酒,水果
TXN00106,咖啡,水果,坚果,薯片,面包
TXN00107,牛奶,面包,坚果,蔬菜,薯片
TXN00108,可乐,茶叶,水果,巧克力,
TXN00109,水果,牛奶,巧克力,,
TXN00110,鸡蛋,巧克力,牛奶,咖啡,肉类
TXN00111,饼干,鸡蛋,肉类,啤酒,
TXN00112,牛奶,饼干,水果,啤酒,
TXN00113,牛奶,面包,水果,啤酒,
TXN00114,坚果,水果,茶叶,蔬菜,咖啡
TXN00115,肉类,尿布,,,
TXN00116,可乐,饼干,面包,,
TXN00117,可乐,坚果,,,
TXN00118,啤酒,尿布,薯片,面包,水果
TXN00119,薯片,可乐,牛奶,坚果,
TXN00120,牛奶,面包,啤酒,尿布,坚果
TXN00121,牛奶,面包,啤酒,蔬菜,鸡蛋
TXN00122,可乐,薯片,茶叶,啤酒,
TXN00123,饼干,茶叶,啤酒,牛奶,肉类
TXN00124,牛奶,面包,蔬菜,茶叶,鸡蛋
TXN00125,啤酒,尿布,肉类,鸡蛋,牛奶
TXN00126,啤酒,尿布,牛奶,面包,巧克力
TXN00127,尿布,蔬菜,牛奶,水果,
TXN00128,蔬菜,巧克力,饼干,,
TXN00129,鸡蛋,尿布,可乐,面包,茶叶
TXN00130,啤酒,尿布,牛奶,面包,水果
TXN00131,尿布,啤酒,,,
TXN00132,牛奶,饼干,咖啡,,
TXN00133,蔬菜,坚果,肉类,可乐,薯片
TXN00134,鸡蛋,水果,蔬菜,饼干,啤酒
TXN00135,鸡蛋,坚果,薯片,巧克力,饼干
TXN00136,啤酒,尿布,牛奶,面包,鸡蛋
TXN00137,坚果,尿布,牛奶,,
TXN00138,牛奶,面包,巧克力,坚果,鸡蛋
TXN00139,牛奶,面包,巧克力,尿布,
TXN00140,啤酒,尿布,茶叶,巧克力,水果
TXN00141,可乐,坚果,,,
TXN00142,巧克力,鸡蛋,,,
TXN00143,茶叶,尿布,饼干,肉类,
TXN00144,牛奶,面包,茶叶,啤酒,可乐
TXN00145,巧克力,水果,茶叶,尿布,
TXN00146,鸡蛋,茶叶,尿布,,
TXN00147,啤酒,尿布,咖啡,面包,坚果
TXN00148,啤酒,尿布,牛奶,面包,茶叶
TXN00149,可乐,肉类,坚果,,
TXN00150,茶叶,面包,蔬菜,啤酒,
TXN00151,面包,牛奶,尿布,饼干,坚果
TXN00152,巧克力,面包,,,
TXN00153,咖啡,薯片,可乐,,
TXN00154,坚果,尿布,咖啡,,
TXN00155,啤酒,尿布,面包,牛奶,
TXN00156,牛奶,面包,啤酒,茶叶,
TXN00157,尿布,牛奶,,,
TXN00158,咖啡,坚果,,,
TXN00159,啤酒,尿布,饼干,巧克力,
TXN00160,饼干,牛奶,水果,薯片,
TXN00161,茶叶,牛奶,坚果,可乐,
TXN00162,牛奶,面包,水果,啤酒,巧克力
TXN00163,茶叶,可乐,尿布,薯片,
TXN00164,饼干,薯片,肉类,,
TXN00165,饼干,咖啡,,,
TXN00166,尿布,坚果,蔬菜,肉类,茶叶
TXN00167,牛奶,面包,蔬菜,啤酒,茶叶
TXN00168,啤酒,尿布,面包,鸡蛋,肉类
TXN00169,牛奶,啤酒,鸡蛋,可乐,饼干
TXN00170,薯片,饼干,,,
TXN00171,啤酒,尿布,牛奶,面包,肉类
TXN00172,肉类,薯片,尿布,可乐,面包
TXN00173,牛奶,面包,可乐,尿布,
TXN00174,水果,可乐,饼干,蔬菜,
TXN00175,水果,尿布,坚果,面包,
TXN00176,啤酒,尿布,牛奶,面包,可乐
TXN00177,茶叶,饼干,牛奶,面包,巧克力
TXN00178,肉类,饼干,薯片,,
TXN00179,茶叶,啤酒,牛奶,,
TXN00180,饼干,面包,,,
TXN00181,牛奶,尿布,,,
TXN00182,尿布,坚果,,,
TXN00183,薯片,巧克力,蔬菜,可乐,
TXN00184,肉类,坚果,水果,,
TXN00185,咖啡,薯片,巧克力,鸡蛋,啤酒
TXN00186,巧克力,啤酒,,,
TXN00187,牛奶,面包,坚果,茶叶,
TXN00188,可乐,肉类,坚果,,
TXN00189,咖啡,面包,坚果,蔬菜,饼干
TXN00190,饼干,啤酒,,,
TXN00191,咖啡,鸡蛋,尿布,水果,饼干
TXN00192,茶叶,咖啡,坚果,,
TXN00193,巧克力,薯片,肉类,啤酒,蔬菜
TXN00194,水果,饼干,肉类,面包,尿布
TXN00195,尿布,蔬菜,啤酒,,
TXN00196,坚果,蔬菜,可乐,饼干,牛奶
TXN00197,饼干,巧克力,,,
TXN00198,面包,咖啡,坚果,,
TXN00199,咖啡,茶叶,蔬菜,水果,巧克力
TXN00200,可乐,尿布,坚果,啤酒,
TXN00201,牛奶,面包,尿布,肉类,咖啡
TXN00202,巧克力,坚果,,,
TXN00203,啤酒,尿布,肉类,鸡蛋,饼干
TXN00204,可乐,咖啡,蔬菜,鸡蛋,薯片
TXN00205,薯片,牛奶,,,
TXN00206,牛奶,坚果,,,
TXN00207,啤酒,尿布,肉类,茶叶,
TXN00208,可乐,面包,坚果,巧克力,
TXN00209,茶叶,尿布,坚果,咖啡,
TXN00210,牛奶,面包,巧克力,啤酒,
TXN00211,肉类,茶叶,啤酒,,
TXN00212,巧克力,蔬菜,坚果,牛奶,肉类
TXN00213,牛奶,面包,饼干,鸡蛋,啤酒
TXN00214,水果,面包,饼干,肉类,
TXN00215,肉类,可乐,薯片,,
TXN00216,啤酒,尿布,牛奶,面包,蔬菜
TXN00217,坚果,鸡蛋,牛奶,,
TXN00218,牛奶,面包,巧克力,尿布,饼干
TXN00219,巧克力,牛奶,鸡蛋,,
TXN00220,咖啡,肉类,,,
TXN00221,薯片,肉类,蔬菜,,
TXN00222,可乐,尿布,牛奶,啤酒,鸡蛋
TXN00223,咖啡,蔬菜,,,
TXN00224,鸡蛋,茶叶,水果,坚果,
TXN00225,茶叶,饼干,面包,鸡蛋,可乐
TXN00226,蔬菜,巧克力,坚果,茶叶,
TXN00227,薯片,鸡蛋,蔬菜,,
TXN00228,肉类,水果,尿布,啤酒,
TXN00229,茶叶,咖啡,巧克力,水果,可乐
TXN00230,面包,尿布,,,
TXN00231,牛奶,面包,可乐,尿布,
TXN00232,啤酒,尿布,薯片,水果,
TXN00233,薯片,咖啡,坚果,蔬菜,
TXN00234,茶叶,肉类,,,
TXN00235,茶叶,饼干,水果,,
TXN00236,牛奶,面包,坚果,薯片,蔬菜
TXN00237,牛奶,面包,可乐,啤酒,饼干
TXN00238,可乐,咖啡,牛奶,啤酒,鸡蛋
TXN00239,牛奶,面包,水果,茶叶,
TXN00240,肉类,蔬菜,巧克力,茶叶,
TXN00241,咖啡,饼干,茶叶,,
TXN00242,啤酒,尿布,饼干,巧克力,蔬菜
TXN00243,啤酒,尿布,咖啡,饼干,
TXN00244,饼干,肉类,,,
TXN00245,牛奶,面包,啤酒,咖啡,水果
TXN00246,巧克力,可乐,面包,茶叶,鸡蛋
TXN00247,啤酒,坚果,牛奶,,
TXN00248,可乐,啤酒,牛奶,咖啡,
TXN00249,肉类,尿布,坚果,,
TXN00250,啤酒,尿布,坚果,巧克力,鸡蛋
TXN00251,牛奶,面包,肉类,咖啡,水果
TXN00252,咖啡,可乐,薯片,,
TXN00253,啤酒,尿布,牛奶,面包,鸡蛋
TXN00254,巧克力,牛奶,水果,尿布,鸡蛋
TXN00255,可乐,肉类,,,
TXN00256,牛奶,面包,茶叶,啤酒,肉类
TXN00257,啤酒,尿布,薯片,坚果,面包
TXN00258,牛奶,面包,坚果,水果,
TXN00259,咖啡,鸡蛋,巧克力,可乐,
TXN00260,牛奶,啤酒,,,
TXN00261,牛奶,面包,鸡蛋,啤酒,薯片
TXN00262,牛奶,咖啡,啤酒,,
TXN00263,啤酒,饼干,薯片,坚果,
TXN00264,巧克力,水果,牛奶,,
TXN00265,咖啡,可乐,啤酒,面包,巧克力
TXN00266,巧克力,水果,饼干,咖啡,肉类
TXN00267,尿布,薯片,,,
TXN00268,可乐,面包,,,
TXN00269,牛奶,坚果,肉类,水果,尿布
TXN00270,啤酒,尿布,面包,薯片,
TXN00271,尿布,鸡蛋,蔬菜,可乐,巧克力
TXN00272,啤酒,尿布,面包,坚果,薯片
TXN00273,蔬菜,坚果,咖啡,可乐,面包
TXN00274,薯片,巧克力,,,
TXN00275,咖啡,啤酒,坚果,,
TXN00276,薯片,水果,,,
TXN00277,肉类,饼干,坚果,尿布,啤酒
TXN00278,咖啡,巧克力,,,
TXN00279,啤酒,尿布,鸡蛋,薯片,咖啡
TXN00280,面包,坚果,,,
TXN00281,薯片,水果,肉类,可乐,
TXN00282,牛奶,面包,可乐,啤酒,
TXN00283,啤酒,牛奶,,,
TXN00284,咖啡,茶叶,,,
TXN00285,面包,茶叶,尿布,鸡蛋,咖啡
TXN00286,咖啡,薯片,坚果,尿布,
TXN00287,牛奶,薯片,咖啡,,
TXN00288,啤酒,尿布,薯片,饼干,巧克力
TXN00289,茶叶,饼干,蔬菜,,
TXN00290,茶叶,薯片,饼干,可乐,
TXN00291,牛奶,面包,薯片,茶叶,肉类
TXN00292,水果,蔬菜,饼干,牛奶,
TXN00293,肉类,鸡蛋,巧克力,面包,
TXN00294,牛奶,坚果,水果,啤酒,尿布
TXN00295,鸡蛋,肉类,,,
TXN00296,牛奶,肉类,饼干,,
TXN00297,咖啡,啤酒,,,
TXN00298,牛奶,面包,蔬菜,巧克力,坚果
TXN00299,咖啡,可乐,牛奶,啤酒,
TXN00300,坚果,巧克力,鸡蛋,水果,
TXN00301,水果,肉类,面包,坚果,尿布
TXN00302,啤酒,尿布,牛奶,面包,可乐
TXN00303,饼干,蔬菜,尿布,,
TXN00304,茶叶,尿布,薯片,饼干,
TXN00305,牛奶,面包,巧克力,茶叶,尿布
TXN00306,牛奶,面包,可乐,蔬菜,鸡蛋
TXN00307,尿布,肉类,啤酒,坚果,
TXN00308,牛奶,面包,咖啡,可乐,
TXN00309,啤酒,薯片,蔬菜,肉类,
TXN00310,肉类,坚果,咖啡,蔬菜,
TXN00311,薯片,水果,坚果,饼干,巧克力
TXN00312,薯片,可乐,肉类,水果,面包
TXN00313,尿布,肉类,牛奶,,
TXN00314,牛奶,饼干,肉类,,
TXN00315,饼干,可乐,面包,肉类,咖啡
TXN00316,牛奶,面包,肉类,坚果,
TXN00317,牛奶,面包,可乐,蔬菜,鸡蛋
TXN00318,尿布,牛奶,啤酒,茶叶,
TXN00319,鸡蛋,水果,薯片,肉类,
TXN00320,面包,茶叶,鸡蛋,,
TXN00321,薯片,啤酒,鸡蛋,饼干,巧克力
TXN00322,茶叶,面包,尿布,蔬菜,
TXN00323,啤酒,鸡蛋,,,
TXN00324,啤酒,尿布,饼干,面包,可乐
TXN00325,咖啡,薯片,巧克力,,
TXN00326,牛奶,面包,坚果,鸡蛋,
TXN00327,尿布,面包,啤酒,可乐,坚果
TXN00328,蔬菜,尿布,茶叶,饼干,
TXN00329,面包,水果,蔬菜,,
TXN00330,肉类,鸡蛋,,,
TXN00331,巧克力,可乐,,,
TXN00332,面包,鸡蛋,巧克力,茶叶,水果
TXN00333,薯片,可乐,,,
TXN00334,啤酒,肉类,牛奶,尿布,
TXN00335,蔬菜,薯片,牛奶,鸡蛋,
TXN00336,可乐,牛奶,饼干,茶叶,
TXN00337,坚果,茶叶,啤酒,巧克力,
TXN00338,牛奶,面包,蔬菜,咖啡,坚果
TXN00339,牛奶,坚果,水果,鸡蛋,啤酒
TXN00340,可乐,蔬菜,牛奶,,
TXN00341,牛奶,蔬菜,饼干,,
TXN00342,可乐,面包,,,
TXN00343,肉类,饼干,牛奶,咖啡,面包
TXN00344,牛奶,坚果,啤酒,,
TXN00345,蔬菜,牛奶,饼干,可乐,
TXN00346,可乐,鸡蛋,,,
TXN00347,肉类,啤酒,茶叶,,
TXN00348,咖啡,蔬菜,,,
TXN00349,面包,牛奶,薯片,,
TXN00350,鸡蛋,可乐,牛奶,,
TXN00351,坚果,鸡蛋,水果,,
TXN00352,鸡蛋,饼干,茶叶,牛奶,
TXN00353,饼干,咖啡,水果,茶叶,
TXN00354,牛奶,可乐,啤酒,,
TXN00355,面包,鸡蛋,,,
TXN00356,坚果,尿布,,,
TXN00357,水果,蔬菜,薯片,鸡蛋,
TXN00358,牛奶,巧克力,蔬菜,可乐,坚果
TXN00359,饼干,鸡蛋,咖啡,肉类,
TXN00360,鸡蛋,薯片,饼干,啤酒,
TXN00361,饼干,坚果,水果,茶叶,
TXN00362,可乐,薯片,饼干,茶叶,
TXN00363,面包,鸡蛋,蔬菜,水果,咖啡
TXN00364,啤酒,尿布,水果,鸡蛋,
TXN00365,水果,茶叶,鸡蛋,,
TXN00366,咖啡,肉类,,,
TXN00367,牛奶,面包,坚果,薯片,啤酒
TXN00368,啤酒,尿布,牛奶,薯片,可乐
TXN00369,面包,咖啡,肉类,,
TXN00370,牛奶,面包,巧克力,蔬菜,薯片
TXN00371,坚果,面包,鸡蛋,,
TXN00372,水果,肉类,薯片,,
TXN00373,牛奶,面包,巧克力,可乐,
TXN00374,牛奶,面包,水果,坚果,饼干
TXN00375,牛奶,咖啡,水果,巧克力,肉类
TXN00376,牛奶,面包,薯片,鸡蛋,
TXN00377,咖啡,牛奶,,,
TXN00378,啤酒,坚果,可乐,水果,
TXN00379,饼干,咖啡,鸡蛋,肉类,尿布
TXN00380,啤酒,尿布,面包,坚果,牛奶
TXN00381,啤酒,尿布,牛奶,巧克力,面包
TXN00382,牛奶,面包,薯片,坚果,
TXN00383,鸡蛋,肉类,茶叶,巧克力,啤酒
TXN00384,面包,牛奶,,,
TXN00385,薯片,蔬菜,茶叶,巧克力,饼干
TXN00386,肉类,啤酒,蔬菜,可乐,
TXN00387,咖啡,尿布,巧克力,鸡蛋,薯片
TXN00388,肉类,坚果,鸡蛋,牛奶,
TXN00389,薯片,茶叶,,,
TXN00390,茶叶,坚果,,,
TXN00391,啤酒,饼干,茶叶,,
TXN00392,茶叶,可乐,坚果,巧克力,蔬菜
TXN00393,可乐,水果,面包,咖啡,肉类
TXN00394,巧克力,水果,,,
TXN00395,茶叶,坚果,,,
TXN00396,茶叶,薯片,,,
TXN00397,啤酒,尿布,水果,坚果,面包
TXN00398,啤酒,巧克力,,,
TXN00399,尿布,咖啡,牛奶,,
TXN00400,薯片,牛奶,蔬菜,茶叶,
TXN00401,尿布,薯片,茶叶,,
TXN00402,牛奶,面包,咖啡,蔬菜,茶叶
TXN00403,茶叶,咖啡,面包,水果,
TXN00404,蔬菜,啤酒,鸡蛋,面包,
TXN00405,面包,水果,肉类,啤酒,牛奶
TXN00406,肉类,尿布,咖啡,,
TXN00407,牛奶,面包,坚果,鸡蛋,
TXN00408,鸡蛋,薯片,蔬菜,饼干,
TXN00409,巧克力,薯片,尿布,水果,
TXN00410,啤酒,尿布,牛奶,面包,坚果
TXN00411,饼干,肉类,尿布,蔬菜,
TXN00412,可乐,牛奶,尿布,鸡蛋,
TXN00413,饼干,咖啡,,,
TXN00414,牛奶,面包,茶叶,鸡蛋,尿布
TXN00415,水果,牛奶,茶叶,尿布,
TXN00416,可乐,饼干,坚果,,
TXN00417,蔬菜,水果,巧克力,饼干,咖啡
TXN00418,坚果,饼干,茶叶,尿布,
TXN00419,面包,蔬菜,,,
TXN00420,可乐,牛奶,咖啡,,
TXN00421,啤酒,尿布,咖啡,饼干,薯片
TXN00422,啤酒,尿布,可乐,,
TXN00423,巧克力,尿布,水果,,
TXN00424,可乐,咖啡,茶叶,,
TXN00425,薯片,可乐,,,
TXN00426,咖啡,啤酒,牛奶,,
TXN00427,肉类,可乐,,,
TXN00428,巧克力,薯片,,,
TXN00429,牛奶,面包,鸡蛋,咖啡,
TXN00430,啤酒,坚果,牛奶,巧克力,
TXN00431,茶叶,肉类,咖啡,,
TXN00432,肉类,坚果,鸡蛋,尿布,咖啡
TXN00433,啤酒,巧克力,面包,茶叶,鸡蛋
TXN00434,饼干,水果,,,
TXN00435,水果,茶叶,巧克力,牛奶,可乐
TXN00436,薯片,蔬菜,水果,坚果,
TXN00437,牛奶,面包,可乐,薯片,咖啡
TXN00438,肉类,巧克力,水果,,
TXN00439,面包,鸡蛋,肉类,,
TXN00440,蔬菜,牛奶,薯片,坚果,尿布
TXN00441,鸡蛋,水果,巧克力,坚果,
TXN00442,啤酒,尿布,牛奶,面包,饼干
TXN00443,巧克力,肉类,鸡蛋,,
TXN00444,面包,茶叶,咖啡,鸡蛋,啤酒
TXN00445,巧克力,可乐,坚果,,
TXN00446,茶叶,饼干,咖啡,,
TXN00447,水果,咖啡,肉类,薯片,鸡蛋
TXN00448,牛奶,咖啡,啤酒,鸡蛋,坚果
TXN00449,啤酒,尿布,水果,饼干,面包
TXN00450,肉类,水果,啤酒,,
TXN00451,巧克力,坚果,茶叶,肉类,
TXN00452,坚果,可乐,鸡蛋,啤酒,
TXN00453,饼干,肉类,咖啡,牛奶,茶叶
TXN00454,牛奶,面包,咖啡,蔬菜,饼干
TXN00455,啤酒,咖啡,肉类,茶叶,鸡蛋
TXN00456,啤酒,尿布,坚果,牛奶,咖啡
TXN00457,薯片,坚果,巧克力,,
TXN00458,蔬菜,茶叶,饼干,,
TXN00459,牛奶,面包,尿布,,
TXN00460,薯片,茶叶,,,
TXN00461,可乐,巧克力,肉类,饼干,
TXN00462,可乐,蔬菜,牛奶,尿布,
TXN00463,咖啡,肉类,可乐,饼干,
TXN00464,蔬菜,巧克力,面包,,
TXN00465,啤酒,尿布,薯片,水果,饼干
TXN00466,坚果,鸡蛋,啤酒,肉类,蔬菜
TXN00467,啤酒,尿布,鸡蛋,可乐,牛奶
TXN00468,啤酒,尿布,牛奶,面包,鸡蛋
TXN00469,蔬菜,水果,牛奶,,
TXN00470,面包,巧克力,茶叶,可乐,鸡蛋
TXN00471,啤酒,尿布,水果,蔬菜,牛奶
TXN00472,面包,薯片,,,
TXN00473,啤酒,尿布,巧克力,茶叶,薯片
TXN00474,饼干,鸡蛋,水果,坚果,面包
TXN00475,蔬菜,可乐,肉类,坚果,
TXN00476,薯片,饼干,坚果,蔬菜,
TXN00477,牛奶,薯片,巧克力,肉类,
TXN00478,牛奶,面包,蔬菜,咖啡,肉类
TXN00479,坚果,巧克力,尿布,面包,
TXN00480,咖啡,薯片,鸡蛋,,
TXN00481,鸡蛋,茶叶,牛奶,饼干,
TXN00482,茶叶,坚果,面包,,
TXN00483,啤酒,尿布,蔬菜,肉类,
TXN00484,啤酒,尿布,饼干,咖啡,巧克力
TXN00485,牛奶,茶叶,巧克力,,
TXN00486,牛奶,面包,茶叶,蔬菜,尿布
TXN00487,尿布,牛奶,啤酒,,
TXN00488,鸡蛋,咖啡,面包,,
TXN00489,坚果,尿布,牛奶,咖啡,
TXN00490,啤酒,尿布,肉类,牛奶,蔬菜
TXN00491,巧克力,水果,,,
TXN00492,薯片,饼干,蔬菜,,
TXN00493,尿布,巧克力,,,
TXN00494,鸡蛋,茶叶,,,
TXN00495,牛奶,面包,薯片,尿布,可乐
TXN00496,茶叶,面包,,,
TXN00497,尿布,茶叶,水果,,
TXN00498,啤酒,蔬菜,茶叶,,
TXN00499,啤酒,尿布,坚果,饼干,可乐
TXN00500,啤酒,尿布,鸡蛋,面包,咖啡
TXN00501,坚果,咖啡,,,
TXN00502,牛奶,面包,尿布,,
TXN00503,鸡蛋,蔬菜,,,
TXN00504,蔬菜,可乐,,,
TXN00505,牛奶,面包,鸡蛋,啤酒,蔬菜
TXN00506,牛奶,面包,水果,鸡蛋,
TXN00507,可乐,水果,咖啡,茶叶,
TXN00508,啤酒,茶叶,可乐,,
TXN00509,啤酒,尿布,牛奶,咖啡,茶叶
TXN00510,牛奶,面包,咖啡,水果,蔬菜
TXN00511,尿布,牛奶,薯片,巧克力,面包
TXN00512,牛奶,茶叶,啤酒,,
TXN00513,可乐,牛奶,饼干,面包,
TXN00514,薯片,牛奶,咖啡,饼干,茶叶
TXN00515,啤酒,尿布,咖啡,巧克力,肉类
TXN00516,牛奶,面包,茶叶,咖啡,啤酒
TXN00517,肉类,水果,咖啡,面包,茶叶
TXN00518,薯片,茶叶,,,
TXN00519,啤酒,茶叶,,,
TXN00520,啤酒,尿布,牛奶,可乐,巧克力
TXN00521,蔬菜,坚果,尿布,可乐,
TXN00522,可乐,肉类,蔬菜,啤酒,鸡蛋
TXN00523,牛奶,坚果,饼干,面包,肉类
TXN00524,啤酒,尿布,蔬菜,饼干,
TXN00525,水果,可乐,,,
TXN00526,啤酒,巧克力,牛奶,可乐,
TXN00527,尿布,坚果,咖啡,水果,茶叶
TXN00528,啤酒,尿布,饼干,薯片,
TXN00529,鸡蛋,坚果,水果,薯片,茶叶
TXN00530,水果,薯片,咖啡,尿布,
TXN00531,啤酒,蔬菜,,,
TXN00532,茶叶,牛奶,啤酒,尿布,水果
TXN00533,可乐,饼干,水果,,
TXN00534,牛奶,面包,啤酒,可乐,蔬菜
TXN00535,牛奶,尿布,,,
TXN00536,薯片,水果,尿布,可乐,咖啡
TXN00537,咖啡,饼干,坚果,尿布,面包
TXN00538,鸡蛋,牛奶,,,
TXN00539,啤酒,尿布,薯片,鸡蛋,蔬菜
TXN00540,薯片,水果,尿布,牛奶,
TXN00541,尿布,茶叶,面包,薯片,
TXN00542,啤酒,尿布,咖啡,坚果,可乐
TXN00543,面包,坚果,尿布,可乐,牛奶
TXN00544,面包,水果,,,
TXN00545,茶叶,薯片,,,
TXN00546,可乐,薯片,尿布,鸡蛋,
TXN00547,可乐,水果,茶叶,,
TXN00548,饼干,坚果,面包,,
TXN00549,尿布,茶叶,肉类,,
TXN00550,薯片,巧克力,蔬菜,坚果,
TXN00551,牛奶,啤酒,,,
TXN00552,蔬菜,可乐,,,
TXN00553,茶叶,鸡蛋,啤酒,水果,可乐
TXN00554,肉类,鸡蛋,咖啡,面包,
TXN00555,咖啡,巧克力,茶叶,啤酒,可乐
TXN00556,肉类,茶叶,牛奶,蔬菜,
TXN00557,牛奶,面包,茶叶,蔬菜,啤酒
TXN00558,可乐,肉类,,,
TXN00559,面包,啤酒,,,
TXN00560,巧克力,茶叶,坚果,牛奶,
TXN00561,水果,尿布,啤酒,咖啡,
TXN00562,牛奶,咖啡,,,
TXN00563,咖啡,肉类,蔬菜,薯片,
TXN00564,蔬菜,薯片,尿布,,
TXN00565,蔬菜,薯片,尿布,鸡蛋,面包
TXN00566,牛奶,面包,巧克力,咖啡,坚果
TXN00567,牛奶,面包,,,
TXN00568,肉类,饼干,,,
TXN00569,咖啡,茶叶,薯片,蔬菜,
TXN00570,巧克力,可乐,,,
TXN00571,可乐,尿布,咖啡,,
TXN00572,啤酒,尿布,肉类,坚果,
TXN00573,牛奶,饼干,水果,面包,鸡蛋
TXN00574,啤酒,尿布,饼干,可乐,面包
TXN00575,啤酒,尿布,巧克力,茶叶,蔬菜
TXN00576,鸡蛋,肉类,咖啡,巧克力,
TXN00577,咖啡,薯片,茶叶,鸡蛋,
TXN00578,肉类,啤酒,饼干,,
TXN00579,咖啡,薯片,可乐,肉类,饼干
TXN00580,牛奶,鸡蛋,可乐,,
TXN00581,咖啡,饼干,面包,茶叶,薯片
TXN00582,巧克力,水果,,,
TXN00583,肉类,水果,,,
TXN00584,饼干,咖啡,,,
TXN00585,面包,坚果,尿布,可乐,茶叶
TXN00586,面包,蔬菜,,,
TXN00587,薯片,茶叶,尿布,鸡蛋,巧克力
TXN00588,咖啡,鸡蛋,啤酒,饼干,
TXN00589,啤酒,尿布,水果,肉类,咖啡
TXN00590,肉类,鸡蛋,,,
TXN00591,鸡蛋,面包,,,
TXN00592,水果,鸡蛋,,,
TXN00593,蔬菜,可乐,,,
TXN00594,鸡蛋,水果,,,
TXN00595,水果,啤酒,蔬菜,,
TXN00596,可乐,尿布,,,
TXN00597,啤酒,尿布,牛奶,面包,茶叶
TXN00598,啤酒,尿布,牛奶,巧克力,茶叶
TXN00599,茶叶,啤酒,,,
TXN00600,啤酒,尿布,坚果,咖啡,巧克力
TXN00601,蔬菜,水果,,,
TXN00602,肉类,咖啡,巧克力,,
TXN00603,啤酒,尿布,巧克力,可乐,肉类
TXN00604,茶叶,尿布,肉类,巧克力,薯片
TXN00605,牛奶,面包,饼干,可乐,薯片
TXN00606,水果,面包,饼干,,
TXN00607,蔬菜,薯片,牛奶,茶叶,啤酒
TXN00608,牛奶,鸡蛋,可乐,,
TXN00609,牛奶,啤酒,鸡蛋,,
TXN00610,啤酒,尿布,薯片,鸡蛋,坚果
TXN00611,饼干,茶叶,,,
TXN00612,啤酒,尿布,咖啡,可乐,
TXN00613,鸡蛋,肉类,坚果,尿布,
TXN00614,面包,鸡蛋,薯片,咖啡,
TXN00615,牛奶,咖啡,,,
TXN00616,可乐,咖啡,茶叶,,
TXN00617,鸡蛋,饼干,可乐,,
TXN00618,鸡蛋,水果,薯片,,
TXN00619,饼干,鸡蛋,茶叶,,
TXN00620,啤酒,尿布,肉类,鸡蛋,巧克力
TXN00621,咖啡,饼干,茶叶,,
TXN00622,牛奶,水果,,,
TXN00623,啤酒,尿布,牛奶,,
TXN00624,啤酒,坚果,茶叶,,
TXN00625,水果,尿布,薯片,,
TXN00626,鸡蛋,薯片,,,
TXN00627,尿布,饼干,,,
TXN00628,茶叶,肉类,巧克力,面包,
TXN00629,水果,牛奶,肉类,茶叶,可乐
TXN00630,牛奶,面包,尿布,坚果,咖啡
TXN00631,饼干,蔬菜,肉类,,
TXN00632,啤酒,咖啡,鸡蛋,肉类,
TXN00633,水果,坚果,薯片,蔬菜,啤酒
TXN00634,牛奶,面包,肉类,茶叶,蔬菜
TXN00635,啤酒,尿布,坚果,肉类,巧克力
TXN00636,牛奶,啤酒,鸡蛋,面包,
TXN00637,啤酒,尿布,薯片,茶叶,坚果
TXN00638,牛奶,可乐,巧克力,茶叶,
TXN00639,肉类,坚果,茶叶,牛奶,可乐
TXN00640,饼干,可乐,坚果,面包,
TXN00641,啤酒,尿布,鸡蛋,水果,蔬菜
TXN00642,啤酒,水果,,,
TXN00643,可乐,鸡蛋,巧克力,面包,薯片
TXN00644,坚果,肉类,饼干,,
TXN00645,啤酒,蔬菜,巧克力,尿布,茶叶
TXN00646,啤酒,水果,,,
TXN00647,可乐,薯片,坚果,肉类,
TXN00648,牛奶,面包,水果,饼干,啤酒
TXN00649,牛奶,面包,肉类,,
TXN00650,啤酒,可乐,肉类,巧克力,坚果
TXN00651,咖啡,可乐,肉类,饼干,
TXN00652,鸡蛋,咖啡,啤酒,,
TXN00653,蔬菜,啤酒,坚果,面包,
TXN00654,啤酒,尿布,牛奶,面包,蔬菜
TXN00655,可乐,咖啡,巧克力,牛奶,饼干
TXN00656,可乐,尿布,巧克力,,
TXN00657,肉类,饼干,水果,,
TXN00658,面包,饼干,可乐,牛奶,
TXN00659,蔬菜,啤酒,,,
TXN00660,坚果,茶叶,咖啡,肉类,
TXN00661,牛奶,尿布,,,
TXN00662,咖啡,尿布,可乐,,
TXN00663,尿布,饼干,茶叶,啤酒,
TXN00664,牛奶,面包,茶叶,水果,咖啡
TXN00665,肉类,薯片,,,
TXN00666,水果,啤酒,,,
TXN00667,咖啡,饼干,巧克力,面包,
TXN00668,饼干,尿布,啤酒,,
TXN00669,牛奶,面包,水果,薯片,蔬菜
TXN00670,牛奶,鸡蛋,啤酒,坚果,
TXN00671,尿布,可乐,茶叶,蔬菜,肉类
TXN00672,茶叶,巧克力,啤酒,薯片,
TXN00673,鸡蛋,面包,坚果,巧克力,
TXN00674,牛奶,面包,水果,饼干,
TXN00675,薯片,巧克力,尿布,,
TXN00676,牛奶,尿布,蔬菜,坚果,啤酒
TXN00677,牛奶,面包,饼干,可乐,咖啡
TXN00678,可乐,面包,,,
TXN00679,牛奶,茶叶,啤酒,咖啡,
TXN00680,薯片,水果,茶叶,可乐,
TXN00681,啤酒,尿布,肉类,蔬菜,
TXN00682,面包,薯片,水果,蔬菜,
TXN00683,巧克力,水果,可乐,,
TXN00684,面包,巧克力,,,
TXN00685,牛奶,面包,茶叶,巧克力,
TXN00686,啤酒,茶叶,水果,牛奶,面包
TXN00687,鸡蛋,巧克力,,,
TXN00688,牛奶,面包,水果,坚果,薯片
TXN00689,蔬菜,尿布,,,
TXN00690,啤酒,可乐,,,
TXN00691,坚果,薯片,,,
TXN00692,啤酒,尿布,巧克力,蔬菜,可乐
TXN00693,啤酒,尿布,牛奶,面包,茶叶
TXN00694,蔬菜,鸡蛋,坚果,啤酒,
TXN00695,啤酒,尿布,牛奶,饼干,咖啡
TXN00696,牛奶,面包,啤酒,巧克力,鸡蛋
TXN00697,鸡蛋,坚果,牛奶,蔬菜,
TXN00698,牛奶,肉类,坚果,啤酒,
TXN00699,饼干,薯片,水果,茶叶,巧克力
TXN00700,牛奶,面包,水果,可乐,茶叶
TXN00701,坚果,可乐,茶叶,,
TXN00702,肉类,啤酒,,,
TXN00703,面包,可乐,薯片,饼干,
TXN00704,牛奶,面包,水果,可乐,
TXN00705,坚果,面包,,,
TXN00706,巧克力,肉类,蔬菜,,
TXN00707,牛奶,鸡蛋,薯片,,
TXN00708,蔬菜,咖啡,鸡蛋,牛奶,可乐
TXN00709,巧克力,肉类,薯片,蔬菜,
TXN00710,巧克力,牛奶,,,
TXN00711,蔬菜,茶叶,,,
TXN00712,牛奶,面包,薯片,坚果,鸡蛋
TXN00713,啤酒,尿布,巧克力,,
TXN00714,可乐,茶叶,,,
TXN00715,尿布,坚果,,,
TXN00716,坚果,水果,,,
TXN00717,坚果,面包,尿布,牛奶,水果
TXN00718,牛奶,面包,尿布,坚果,蔬菜
TXN00719,巧克力,水果,牛奶,可乐,
TXN00720,尿布,薯片,可乐,茶叶,蔬菜
TXN00721,蔬菜,肉类,牛奶,饼干,
TXN00722,啤酒,尿布,面包,鸡蛋,肉类
TXN00723,饼干,巧克力,肉类,坚果,
TXN00724,肉类,茶叶,坚果,,
TXN00725,牛奶,面包,蔬菜,坚果,薯片
TXN00726,饼干,鸡蛋,水果,肉类,
TXN00727,肉类,咖啡,可乐,水果,
TXN00728,牛奶,面包,茶叶,肉类,可乐
TXN00729,牛奶,面包,坚果,茶叶,可乐
TXN00730,可乐,牛奶,茶叶,啤酒,尿布
TXN00731,坚果,水果,蔬菜,肉类,咖啡
TXN00732,可乐,薯片,,,
TXN00733,牛奶,面包,巧克力,肉类,尿布
TXN00734,鸡蛋,啤酒,面包,咖啡,坚果
TXN00735,薯片,鸡蛋,坚果,,
TXN00736,牛奶,水果,,,
TXN00737,蔬菜,可乐,面包,饼干,
TXN00738,薯片,茶叶,,,
TXN00739,牛奶,面包,薯片,啤酒,茶叶
TXN00740,薯片,可乐,牛奶,坚果,
TXN00741,尿布,肉类,鸡蛋,,
TXN00742,牛奶,面包,蔬菜,,
TXN00743,坚果,尿布,咖啡,啤酒,
TXN00744,啤酒,尿布,坚果,咖啡,肉类
TXN00745,水果,啤酒,尿布,咖啡,巧克力
TXN00746,牛奶,面包,蔬菜,茶叶,水果
TXN00747,啤酒,尿布,牛奶,面包,可乐
TXN00748,牛奶,面包,蔬菜,坚果,肉类
TXN00749,牛奶,茶叶,,,
TXN00750,鸡蛋,可乐,薯片,饼干,
TXN00751,茶叶,啤酒,肉类,薯片,咖啡
TXN00752,茶叶,巧克力,薯片,鸡蛋,
TXN00753,水果,坚果,巧克力,鸡蛋,
TXN00754,巧克力,肉类,鸡蛋,薯片,尿布
TXN00755,啤酒,薯片,面包,茶叶,
TXN00756,牛奶,面包,水果,薯片,
TXN00757,薯片,啤酒,水果,咖啡,
TXN00758,鸡蛋,牛奶,尿布,饼干,可乐
TXN00759,咖啡,牛奶,水果,鸡蛋,茶叶
TXN00760,牛奶,面包,咖啡,坚果,水果
TXN00761,啤酒,尿布,肉类,饼干,
TXN00762,咖啡,可乐,水果,,
TXN00763,啤酒,尿布,茶叶,坚果,咖啡
TXN00764,饼干,巧克力,,,
TXN00765,尿布,茶叶,,,
TXN00766,牛奶,茶叶,,,
TXN00767,薯片,鸡蛋,蔬菜,茶叶,
TXN00768,尿布,坚果,啤酒,茶叶,面包
TXN00769,面包,茶叶,坚果,肉类,薯片
TXN00770,茶叶,蔬菜,饼干,鸡蛋,
TXN00771,牛奶,面包,坚果,茶叶,啤酒
TXN00772,尿布,蔬菜,巧克力,饼干,
TXN00773,巧克力,水果,咖啡,可乐,
TXN00774,啤酒,尿布,巧克力,饼干,
TXN00775,面包,薯片,蔬菜,,
TXN00776,啤酒,饼干,可乐,坚果,
TXN00777,蔬菜,巧克力,牛奶,啤酒,
TXN00778,啤酒,巧克力,蔬菜,,
TXN00779,牛奶,面包,尿布,饼干,啤酒
TXN00780,茶叶,可乐,水果,,
TXN00781,尿布,牛奶,饼干,巧克力,啤酒
TXN00782,可乐,牛奶,巧克力,肉类,
TXN00783,鸡蛋,巧克力,水果,,
TXN00784,茶叶,肉类,巧克力,,
TXN00785,巧克力,坚果,水果,,
TXN00786,饼干,水果,茶叶,,
TXN00787,尿布,咖啡,茶叶,啤酒,蔬菜
TXN00788,咖啡,茶叶,薯片,肉类,
TXN00789,肉类,茶叶,牛奶,,
TXN00790,牛奶,面包,尿布,水果,薯片
TXN00791,啤酒,薯片,水果,咖啡,
TXN00792,面包,水果,,,
TXN00793,牛奶,面包,薯片,鸡蛋,尿布
TXN00794,牛奶,面包,饼干,水果,肉类
TXN00795,尿布,水果,,,
TXN00796,尿布,肉类,水果,面包,咖啡
TXN00797,坚果,薯片,咖啡,水果,
TXN00798,鸡蛋,面包,蔬菜,啤酒,
TXN00799,啤酒,茶叶,,,
TXN00800,薯片,蔬菜,饼干,鸡蛋,茶叶
TXN00801,饼干,坚果,薯片,蔬菜,啤酒
TXN00802,啤酒,尿布,巧克力,,
TXN00803,蔬菜,面包,坚果,薯片,
TXN00804,水果,肉类,,,
TXN00805,啤酒,尿布,茶叶,饼干,鸡蛋
TXN00806,啤酒,尿布,牛奶,面包,巧克力
TXN00807,蔬菜,面包,薯片,,
TXN00808,尿布,鸡蛋,咖啡,啤酒,
TXN00809,茶叶,面包,尿布,,
TXN00810,牛奶,巧克力,,,
TXN00811,茶叶,可乐,,,
TXN00812,牛奶,面包,巧克力,饼干,咖啡
TXN00813,薯片,饼干,,,
TXN00814,可乐,饼干,,,
TXN00815,肉类,啤酒,可乐,饼干,鸡蛋
TXN00816,面包,牛奶,茶叶,鸡蛋,啤酒
TXN00817,肉类,鸡蛋,牛奶,,
TXN00818,牛奶,面包,鸡蛋,尿布,薯片
TXN00819,薯片,肉类,饼干,蔬菜,
TXN00820,饼干,牛奶,面包,茶叶,肉类
TXN00821,巧克力,饼干,,,
TXN00822,牛奶,面包,咖啡,巧克力,可乐
TXN00823,水果,薯片,可乐,坚果,咖啡
TXN00824,茶叶,面包,牛奶,水果,薯片
TXN00825,水果,可乐,饼干,蔬菜,
TXN00826,巧克力,可乐,尿布,,
TXN00827,可乐,啤酒,鸡蛋,,
TXN00828,坚果,茶叶,巧克力,薯片,蔬菜
TXN00829,咖啡,薯片,水果,饼干,
TXN00830,巧克力,蔬菜,肉类,尿布,
TXN00831,薯片,巧克力,肉类,咖啡,
TXN00832,巧克力,薯片,肉类,牛奶,
TXN00833,茶叶,薯片,,,
TXN00834,水果,咖啡,,,
TXN00835,啤酒,尿布,薯片,肉类,蔬菜
TXN00836,啤酒,尿布,茶叶,巧克力,薯片
TXN00837,水果,牛奶,薯片,啤酒,坚果
TXN00838,坚果,可乐,蔬菜,啤酒,
TXN00839,可乐,蔬菜,坚果,,
TXN00840,啤酒,尿布,咖啡,,
TXN00841,饼干,啤酒,牛奶,,
TXN00842,薯片,牛奶,,,
TXN00843,茶叶,咖啡,尿布,,
TXN00844,茶叶,咖啡,,,
TXN00845,巧克力,水果,饼干,,
TXN00846,坚果,尿布,可乐,,
TXN00847,咖啡,茶叶,可乐,巧克力,
TXN00848,坚果,饼干,啤酒,,
TXN00849,尿布,面包,薯片,蔬菜,鸡蛋
TXN00850,啤酒,尿布,巧克力,坚果,面包
TXN00851,可乐,牛奶,饼干,水果,面包
TXN00852,可乐,尿布,,,
TXN00853,饼干,蔬菜,肉类,坚果,啤酒
TXN00854,可乐,面包,,,
TXN00855,饼干,巧克力,肉类,薯片,
TXN00856,巧克力,薯片,牛奶,,
TXN00857,啤酒,尿布,可乐,牛奶,鸡蛋
TXN00858,啤酒,尿布,巧克力,水果,饼干
TXN00859,肉类,巧克力,,,
TXN00860,鸡蛋,蔬菜,,,
TXN00861,牛奶,面包,坚果,啤酒,蔬菜
TXN00862,薯片,蔬菜,肉类,巧克力,
TXN00863,咖啡,坚果,,,
TXN00864,饼干,可乐,水果,,
TXN00865,啤酒,尿布,牛奶,面包,饼干
TXN00866,巧克力,肉类,薯片,面包,牛奶
TXN00867,牛奶,饼干,水果,啤酒,茶叶
TXN00868,水果,啤酒,茶叶,牛奶,
TXN00869,饼干,啤酒,可乐,薯片,
TXN00870,巧克力,尿布,,,
TXN00871,鸡蛋,水果,牛奶,蔬菜,茶叶
TXN00872,茶叶,肉类,坚果,,
TXN00873,咖啡,面包,可乐,,
TXN00874,尿布,坚果,牛奶,水果,
TXN00875,咖啡,蔬菜,啤酒,牛奶,
TXN00876,饼干,肉类,,,
TXN00877,鸡蛋,可乐,蔬菜,茶叶,
TXN00878,鸡蛋,啤酒,肉类,牛奶,
TXN00879,可乐,啤酒,巧克力,牛奶,蔬菜
TXN00880,薯片,巧克力,可乐,,
TXN00881,牛奶,饼干,蔬菜,,
TXN00882,尿布,茶叶,巧克力,牛奶,
TXN00883,牛奶,面包,坚果,鸡蛋,
TXN00884,牛奶,面包,啤酒,水果,薯片
TXN00885,啤酒,尿布,牛奶,面包,肉类
TXN00886,坚果,水果,鸡蛋,牛奶,尿布
TXN00887,啤酒,尿布,蔬菜,,
TXN00888,尿布,水果,坚果,咖啡,
TXN00889,饼干,茶叶,坚果,蔬菜,
TXN00890,尿布,巧克力,咖啡,,
TXN00891,啤酒,尿布,水果,巧克力,面包
TXN00892,饼干,鸡蛋,肉类,,
TXN00893,可乐,尿布,鸡蛋,,
TXN00894,水果,薯片,,,
TXN00895,啤酒,尿布,肉类,可乐,茶叶
TXN00896,蔬菜,牛奶,啤酒,巧克力,
TXN00897,咖啡,坚果,蔬菜,薯片,尿布
TXN00898,面包,肉类,茶叶,薯片,牛奶
TXN00899,蔬菜,咖啡,面包,巧克力,
TXN00900,肉类,尿布,巧克力,,
TXN00901,坚果,薯片,牛奶,,
TXN00902,薯片,茶叶,坚果,蔬菜,
TXN00903,啤酒,尿布,薯片,巧克力,坚果
TXN00904,水果,茶叶,,,
TXN00905,饼干,茶叶,薯片,尿布,坚果
TXN00906,坚果,饼干,尿布,薯片,蔬菜
TXN00907,鸡蛋,啤酒,,,
TXN00908,咖啡,蔬菜,茶叶,啤酒,
TXN00909,牛奶,面包,饼干,,
TXN00910,坚果,薯片,蔬菜,尿布,
TXN00911,饼干,尿布,咖啡,面包,可乐
TXN00912,牛奶,面包,茶叶,可乐,肉类
TXN00913,薯片,牛奶,鸡蛋,,
TXN00914,蔬菜,咖啡,茶叶,牛奶,
TXN00915,坚果,茶叶,鸡蛋,,
TXN00916,薯片,啤酒,茶叶,面包,尿布
TXN00917,尿布,面包,饼干,,
TXN00918,牛奶,薯片,,,
TXN00919,茶叶,尿布,薯片,,
TXN00920,坚果,可乐,茶叶,鸡蛋,
TXN00921,啤酒,薯片,茶叶,,
TXN00922,啤酒,尿布,可乐,水果,牛奶
TXN00923,牛奶,水果,,,
TXN00924,啤酒,面包,饼干,巧克力,
TXN00925,水果,薯片,茶叶,鸡蛋,面包
TXN00926,啤酒,尿布,可乐,水果,
TXN00927,啤酒,尿布,巧克力,面包,肉类
TXN00928,牛奶,面包,肉类,坚果,
TXN00929,牛奶,面包,蔬菜,巧克力,
TXN00930,啤酒,尿布,牛奶,鸡蛋,可乐
TXN00931,肉类,坚果,咖啡,,
TXN00932,啤酒,饼干,蔬菜,牛奶,鸡蛋
TXN00933,水果,坚果,肉类,,
TXN00934,水果,坚果,,,
TXN00935,饼干,水果,面包,可乐,
TXN00936,啤酒,尿布,牛奶,面包,咖啡
TXN00937,牛奶,面包,尿布,水果,咖啡
TXN00938,可乐,尿布,饼干,巧克力,鸡蛋
TXN00939,巧克力,牛奶,尿布,饼干,
TXN00940,茶叶,饼干,蔬菜,,
TXN00941,牛奶,面包,蔬菜,茶叶,肉类
TXN00942,饼干,巧克力,尿布,茶叶,蔬菜
TXN00943,肉类,面包,尿布,茶叶,可乐
TXN00944,啤酒,面包,茶叶,薯片,
TXN00945,肉类,鸡蛋,啤酒,蔬菜,
TXN00946,茶叶,坚果,蔬菜,牛奶,水果
TXN00947,茶叶,蔬菜,可乐,坚果,
TXN00948,坚果,面包,,,
TXN00949,牛奶,面包,蔬菜,茶叶,巧克力
TXN00950,尿布,可乐,水果,,
TXN00951,啤酒,饼干,,,
TXN00952,牛奶,面包,可乐,肉类,咖啡
TXN00953,坚果,尿布,咖啡,水果,薯片
TXN00954,茶叶,薯片,巧克力,蔬菜,
TXN00955,肉类,茶叶,饼干,坚果,
TXN00956,巧克力,茶叶,饼干,水果,
TXN00957,坚果,薯片,,,
TXN00958,坚果,可乐,肉类,,
TXN00959,肉类,尿布,蔬菜,巧克力,
TXN00960,鸡蛋,饼干,牛奶,,
TXN00961,牛奶,面包,薯片,啤酒,尿布
TXN00962,肉类,水果,,,
TXN00963,牛奶,面包,巧克力,薯片,
TXN00964,牛奶,面包,肉类,蔬菜,
TXN00965,肉类,坚果,牛奶,薯片,
TXN00966,啤酒,薯片,水果,,
TXN00967,啤酒,鸡蛋,巧克力,咖啡,
TXN00968,坚果,可乐,巧克力,咖啡,啤酒
TXN00969,牛奶,面包,茶叶,尿布,
TXN00970,牛奶,面包,可乐,,
TXN00971,啤酒,尿布,咖啡,巧克力,
TXN00972,鸡蛋,蔬菜,面包,,
TXN00973,蔬菜,巧克力,茶叶,可乐,
TXN00974,巧克力,鸡蛋,饼干,牛奶,
TXN00975,面包,坚果,茶叶,尿布,啤酒
TXN00976,牛奶,尿布,坚果,,
TXN00977,牛奶,面包,啤酒,可乐,
TXN00978,坚果,鸡蛋,面包,,
TXN00979,牛奶,面包,薯片,茶叶,啤酒
TXN00980,啤酒,尿布,巧克力,鸡蛋,牛奶
TXN00981,饼干,尿布,啤酒,,
TXN00982,可乐,薯片,坚果,牛奶,鸡蛋
TXN00983,薯片,坚果,水果,牛奶,可乐
TXN00984,薯片,坚果,鸡蛋,可乐,
TXN00985,肉类,啤酒,,,
TXN00986,鸡蛋,饼干,,,
TXN00987,坚果,薯片,,,
TXN00988,牛奶,面包,水果,饼干,可乐
TXN00989,啤酒,尿布,茶叶,面包,
TXN00990,巧克力,可乐,,,
TXN00991,茶叶,鸡蛋,啤酒,,
TXN00992,牛奶,面包,茶叶,咖啡,啤酒
TXN00993,水果,尿布,咖啡,蔬菜,
TXN00994,薯片,饼干,牛奶,巧克力,蔬菜
TXN00995,咖啡,水果,,,
TXN00996,可乐,肉类,尿布,,
TXN00997,啤酒,尿布,牛奶,面包,肉类
TXN00998,尿布,面包,,,
TXN00999,薯片,咖啡,,,
TXN01000,面包,牛奶,蔬菜,啤酒,
TXN01001,咖啡,啤酒,巧克力,可乐,
TXN01002,饼干,咖啡,茶叶,薯片,
TXN01003,牛奶,蔬菜,,,
TXN01004,可乐,茶叶,,,
TXN01005,啤酒,尿布,牛奶,肉类,巧克力
TXN01006,饼干,牛奶,面包,鸡蛋,
TXN01007,水果,肉类,茶叶,,
TXN01008,面包,饼干,肉类,水果,薯片
TXN01009,蔬菜,饼干,薯片,牛奶,茶叶
TXN01010,咖啡,茶叶,蔬菜,,
TXN01011,牛奶,肉类,,,
TXN01012,茶叶,可乐,,,
TXN01013,咖啡,肉类,面包,,
TXN01014,尿布,肉类,饼干,牛奶,水果
TXN01015,牛奶,可乐,薯片,咖啡,
TXN01016,巧克力,鸡蛋,咖啡,薯片,
TXN01017,饼干,牛奶,肉类,坚果,
TXN01018,啤酒,尿布,牛奶,蔬菜,可乐
TXN01019,可乐,鸡蛋,肉类,咖啡,
TXN01020,牛奶,面包,可乐,茶叶,
TXN01021,茶叶,咖啡,面包,坚果,水果
TXN01022,牛奶,面包,咖啡,,
TXN01023,啤酒,尿布,可乐,巧克力,牛奶
TXN01024,牛奶,面包,巧克力,蔬菜,水果
TXN01025,巧克力,啤酒,,,
TXN01026,肉类,鸡蛋,水果,牛奶,薯片
TXN01027,牛奶,面包,饼干,巧克力,坚果
TXN01028,鸡蛋,咖啡,可乐,水果,坚果
TXN01029,可乐,肉类,巧克力,咖啡,
TXN01030,牛奶,饼干,巧克力,啤酒,肉类
TXN01031,咖啡,茶叶,蔬菜,肉类,面包
TXN01032,牛奶,薯片,面包,,
TXN01033,巧克力,咖啡,蔬菜,,
TXN01034,咖啡,水果,茶叶,肉类,
TXN01035,牛奶,面包,饼干,薯片,
TXN01036,坚果,茶叶,咖啡,水果,
TXN01037,水果,面包,坚果,鸡蛋,
TXN01038,尿布,水果,饼干,坚果,茶叶
TXN01039,肉类,水果,尿布,啤酒,
TXN01040,茶叶,面包,鸡蛋,薯片,坚果
TXN01041,牛奶,咖啡,可乐,,
TXN01042,鸡蛋,可乐,,,
TXN01043,蔬菜,可乐,,,
TXN01044,牛奶,面包,薯片,啤酒,肉类
TXN01045,啤酒,尿布,茶叶,水果,饼干
TXN01046,水果,鸡蛋,坚果,咖啡,饼干
TXN01047,牛奶,面包,鸡蛋,可乐,咖啡
TXN01048,茶叶,水果,饼干,尿布,
TXN01049,水果,鸡蛋,可乐,,
TXN01050,牛奶,面包,尿布,咖啡,薯片
TXN01051,啤酒,尿布,茶叶,鸡蛋,巧克力
TXN01052,水果,可乐,薯片,牛奶,啤酒
TXN01053,牛奶,面包,薯片,巧克力,茶叶
TXN01054,咖啡,肉类,饼干,坚果,茶叶
TXN01055,尿布,啤酒,面包,鸡蛋,肉类
TXN01056,啤酒,尿布,薯片,坚果,水果
TXN01057,牛奶,面包,饼干,薯片,蔬菜
TXN01058,牛奶,蔬菜,尿布,,
TXN01059,可乐,蔬菜,咖啡,,
TXN01060,可乐,鸡蛋,蔬菜,尿布,
TXN01061,水果,可乐,茶叶,饼干,牛奶
TXN01062,牛奶,可乐,蔬菜,尿布,
TXN01063,啤酒,尿布,茶叶,面包,牛奶
TXN01064,鸡蛋,巧克力,饼干,咖啡,
TXN01065,薯片,尿布,蔬菜,,
TXN01066,啤酒,尿布,面包,巧克力,
TXN01067,蔬菜,坚果,肉类,面包,啤酒
TXN01068,薯片,饼干,坚果,,
TXN01069,面包,坚果,,,
TXN01070,尿布,饼干,薯片,,
TXN01071,尿布,巧克力,肉类,鸡蛋,可乐
TXN01072,啤酒,尿布,坚果,薯片,可乐
TXN01073,面包,巧克力,啤酒,,
TXN01074,蔬菜,咖啡,巧克力,鸡蛋,茶叶
TXN01075,饼干,巧克力,,,
TXN01076,肉类,尿布,啤酒,,
TXN01077,坚果,茶叶,,,
TXN01078,饼干,肉类,牛奶,咖啡,
TXN01079,啤酒,尿布,坚果,蔬菜,水果
TXN01080,蔬菜,茶叶,薯片,面包,可乐
TXN01081,啤酒,尿布,肉类,茶叶,咖啡
TXN01082,牛奶,面包,鸡蛋,尿布,肉类
TXN01083,牛奶,面包,可乐,水果,
TXN01084,尿布,肉类,面包,水果,薯片
TXN01085,啤酒,尿布,可乐,坚果,薯片
TXN01086,蔬菜,茶叶,面包,薯片,
TXN01087,水果,面包,饼干,肉类,
TXN01088,水果,鸡蛋,蔬菜,牛奶,薯片
TXN01089,鸡蛋,面包,蔬菜,,
TXN01090,肉类,尿布,,,
TXN01091,水果,面包,尿布,巧克力,
TXN01092,巧克力,水果,薯片,,
TXN01093,蔬菜,面包,尿布,,
TXN01094,啤酒,尿布,牛奶,面包,鸡蛋
TXN01095,尿布,牛奶,鸡蛋,巧克力,蔬菜
TXN01096,可乐,蔬菜,水果,茶叶,
TXN01097,蔬菜,尿布,水果,面包,
TXN01098,茶叶,蔬菜,面包,,
TXN01099,蔬菜,面包,可乐,尿布,
TXN01100,坚果,薯片,,,
TXN01101,啤酒,尿布,牛奶,面包,水果
TXN01102,牛奶,水果,薯片,,
TXN01103,可乐,巧克力,水果,鸡蛋,
TXN01104,水果,尿布,咖啡,,
TXN01105,坚果,咖啡,巧克力,,
TXN01106,饼干,巧克力,面包,肉类,啤酒
TXN01107,薯片,啤酒,茶叶,,
TXN01108,饼干,茶叶,牛奶,坚果,咖啡
TXN01109,蔬菜,咖啡,啤酒,,
TXN01110,肉类,咖啡,可乐,巧克力,茶叶
TXN01111,饼干,巧克力,鸡蛋,面包,牛奶
TXN01112,巧克力,咖啡,牛奶,茶叶,
TXN01113,啤酒,尿布,坚果,茶叶,
TXN01114,坚果,鸡蛋,尿布,饼干,巧克力
TXN01115,尿布,面包,可乐,咖啡,
TXN01116,蔬菜,鸡蛋,饼干,,
TXN01117,蔬菜,水果,薯片,,
TXN01118,茶叶,水果,,,
TXN01119,坚果,可乐,肉类,,
TXN01120,茶叶,巧克力,饼干,,
TXN01121,饼干,咖啡,,,
TXN01122,啤酒,尿布,薯片,饼干,茶叶
TXN01123,蔬菜,啤酒,面包,茶叶,
TXN01124,肉类,面包,坚果,,
TXN01125,咖啡,牛奶,薯片,巧克力,饼干
TXN01126,饼干,坚果,,,
TXN01127,蔬菜,尿布,肉类,坚果,
TXN01128,啤酒,茶叶,薯片,饼干,可乐
TXN01129,鸡蛋,茶叶,面包,啤酒,水果
TXN01130,面包,蔬菜,茶叶,尿布,
TXN01131,咖啡,鸡蛋,巧克力,薯片,
TXN01132,巧克力,坚果,啤酒,,
TXN01133,牛奶,面包,薯片,尿布,
TXN01134,牛奶,面包,咖啡,巧克力,坚果
TXN01135,薯片,面包,肉类,啤酒,
TXN01136,牛奶,面包,啤酒,可乐,茶叶
TXN01137,尿布,面包,,,
TXN01138,牛奶,面包,鸡蛋,啤酒,尿布
TXN01139,巧克力,水果,茶叶,饼干,牛奶
TXN01140,牛奶,面包,啤酒,肉类,水果
TXN01141,面包,茶叶,水果,蔬菜,肉类
TXN01142,巧克力,尿布,肉类,饼干,
TXN01143,坚果,鸡蛋,面包,茶叶,
TXN01144,蔬菜,可乐,啤酒,饼干,
TXN01145,尿布,蔬菜,,,
TXN01146,坚果,牛奶,,,
TXN01147,啤酒,牛奶,可乐,,
TXN01148,肉类,巧克力,牛奶,茶叶,
TXN01149,牛奶,面包,水果,茶叶,
TXN01150,水果,薯片,咖啡,面包,
TXN01151,面包,水果,鸡蛋,,
TXN01152,水果,面包,,,
TXN01153,可乐,面包,坚果,肉类,
TXN01154,鸡蛋,茶叶,面包,,
TXN01155,啤酒,尿布,牛奶,面包,巧克力
TXN01156,肉类,尿布,坚果,,
TXN01157,牛奶,面包,尿布,坚果,鸡蛋
TXN01158,巧克力,牛奶,,,
TXN01159,牛奶,面包,坚果,肉类,尿布
TXN01160,薯片,坚果,咖啡,饼干,
TXN01161,茶叶,鸡蛋,肉类,坚果,巧克力
TXN01162,啤酒,尿布,牛奶,面包,可乐
TXN01163,茶叶,坚果,面包,咖啡,水果
TXN01164,咖啡,水果,饼干,茶叶,可乐
TXN01165,巧克力,面包,啤酒,水果,
TXN01166,茶叶,啤酒,蔬菜,,
TXN01167,蔬菜,饼干,肉类,,
TXN01168,水果,饼干,啤酒,牛奶,
TXN01169,薯片,坚果,咖啡,水果,
TXN01170,肉类,咖啡,,,
TXN01171,尿布,面包,水果,,
TXN01172,牛奶,面包,蔬菜,肉类,可乐
TXN01173,薯片,饼干,,,
TXN01174,坚果,蔬菜,面包,,
TXN01175,牛奶,面包,啤酒,肉类,可乐
TXN01176,巧克力,尿布,蔬菜,啤酒,
TXN01177,牛奶,面包,肉类,蔬菜,薯片
TXN01178,啤酒,尿布,牛奶,面包,巧克力
TXN01179,肉类,面包,茶叶,薯片,啤酒
TXN01180,牛奶,肉类,薯片,,
TXN01181,茶叶,啤酒,肉类,薯片,
TXN01182,饼干,茶叶,,,
TXN01183,饼干,坚果,咖啡,水果,茶叶
TXN01184,牛奶,面包,肉类,咖啡,巧克力
TXN01185,茶叶,牛奶,,,
TXN01186,啤酒,尿布,肉类,坚果,牛奶
TXN01187,饼干,茶叶,面包,巧克力,
TXN01188,咖啡,饼干,,,
TXN01189,牛奶,面包,坚果,尿布,
TXN01190,牛奶,面包,水果,可乐,巧克力
TXN01191,鸡蛋,可乐,坚果,尿布,
TXN01192,啤酒,尿布,牛奶,咖啡,蔬菜
TXN01193,面包,水果,,,
TXN01194,啤酒,尿布,鸡蛋,薯片,
TXN01195,肉类,尿布,啤酒,牛奶,
TXN01196,肉类,可乐,茶叶,水果,蔬菜
TXN01197,牛奶,面包,蔬菜,茶叶,巧克力
TXN01198,尿布,茶叶,,,
TXN01199,茶叶,饼干,,,
TXN01200,尿布,可乐,蔬菜,,
TXN01201,巧克力,水果,面包,茶叶,
TXN01202,面包,水果,,,
TXN01203,鸡蛋,啤酒,面包,,
TXN01204,巧克力,薯片,面包,水果,茶叶
TXN01205,啤酒,尿布,坚果,巧克力,
TXN01206,啤酒,茶叶,饼干,尿布,
TXN01207,啤酒,尿布,坚果,可乐,茶叶
TXN01208,牛奶,面包,啤酒,可乐,鸡蛋
TXN01209,啤酒,面包,巧克力,,
TXN01210,面包,蔬菜,,,
TXN01211,牛奶,可乐,坚果,,
TXN01212,肉类,蔬菜,啤酒,牛奶,咖啡
TXN01213,肉类,尿布,,,
TXN01214,茶叶,饼干,肉类,啤酒,薯片
TXN01215,牛奶,面包,薯片,茶叶,可乐
TXN01216,肉类,薯片,,,
TXN01217,啤酒,尿布,咖啡,鸡蛋,可乐
TXN01218,巧克力,坚果,薯片,茶叶,
TXN01219,牛奶,面包,水果,鸡蛋,可乐
TXN01220,牛奶,水果,面包,尿布,
TXN01221,牛奶,面包,鸡蛋,茶叶,啤酒
TXN01222,牛奶,面包,蔬菜,啤酒,薯片
TXN01223,坚果,肉类,鸡蛋,水果,
TXN01224,薯片,牛奶,饼干,咖啡,肉类
TXN01225,茶叶,啤酒,薯片,尿布,咖啡
TXN01226,咖啡,坚果,饼干,茶叶,
TXN01227,蔬菜,可乐,尿布,坚果,
TXN01228,牛奶,面包,茶叶,巧克力,可乐
TXN01229,可乐,尿布,水果,,
TXN01230,薯片,茶叶,坚果,啤酒,饼干
TXN01231,啤酒,尿布,坚果,肉类,巧克力
TXN01232,牛奶,面包,鸡蛋,,
TXN01233,饼干,鸡蛋,,,
TXN01234,牛奶,面包,咖啡,啤酒,蔬菜
TXN01235,蔬菜,巧克力,,,
TXN01236,鸡蛋,巧克力,肉类,,
TXN01237,蔬菜,鸡蛋,可乐,巧克力,薯片
TXN01238,咖啡,饼干,,,
TXN01239,牛奶,面包,茶叶,啤酒,鸡蛋
TXN01240,啤酒,肉类,巧克力,蔬菜,
TXN01241,鸡蛋,饼干,水果,蔬菜,
TXN01242,可乐,面包,茶叶,,
TXN01243,蔬菜,可乐,咖啡,尿布,
TXN01244,咖啡,蔬菜,薯片,饼干,
TXN01245,饼干,咖啡,啤酒,,
TXN01246,肉类,咖啡,坚果,鸡蛋,
TXN01247,鸡蛋,巧克力,坚果,,
TXN01248,鸡蛋,啤酒,,,
TXN01249,饼干,可乐,面包,,
TXN01250,啤酒,尿布,咖啡,牛奶,茶叶
TXN01251,薯片,肉类,坚果,面包,咖啡
TXN01252,面包,牛奶,,,
TXN01253,水果,咖啡,蔬菜,,
TXN01254,肉类,坚果,薯片,蔬菜,
TXN01255,饼干,茶叶,可乐,,
TXN01256,啤酒,蔬菜,坚果,,
TXN01257,巧克力,肉类,饼干,,
TXN01258,水果,啤酒,蔬菜,可乐,茶叶
TXN01259,面包,牛奶,巧克力,鸡蛋,
TXN01260,面包,尿布,啤酒,,
TXN01261,坚果,蔬菜,肉类,可乐,薯片
TXN01262,啤酒,尿布,牛奶,面包,坚果
TXN01263,啤酒,尿布,牛奶,水果,蔬菜
TXN01264,牛奶,面包,啤酒,肉类,蔬菜
TXN01265,牛奶,面包,饼干,坚果,啤酒
TXN01266,啤酒,尿布,面包,咖啡,巧克力
TXN01267,肉类,咖啡,饼干,,
TXN01268,水果,鸡蛋,,,
TXN01269,蔬菜,牛奶,,,
TXN01270,面包,巧克力,鸡蛋,坚果,水果
TXN01271,薯片,鸡蛋,啤酒,蔬菜,
TXN01272,牛奶,面包,茶叶,鸡蛋,啤酒
TXN01273,啤酒,尿布,薯片,面包,饼干
TXN01274,啤酒,尿布,牛奶,水果,
TXN01275,啤酒,尿布,巧克力,牛奶,蔬菜
TXN01276,面包,啤酒,牛奶,茶叶,
TXN01277,饼干,肉类,薯片,水果,坚果
TXN01278,牛奶,蔬菜,薯片,巧克力,
TXN01279,尿布,蔬菜,,,
TXN01280,可乐,坚果,蔬菜,,
TXN01281,鸡蛋,水果,可乐,薯片,面包
TXN01282,牛奶,尿布,茶叶,,
TXN01283,茶叶,肉类,薯片,牛奶,
TXN01284,鸡蛋,面包,饼干,可乐,尿布
TXN01285,牛奶,面包,巧克力,蔬菜,尿布
TXN01286,饼干,尿布,牛奶,坚果,水果
TXN01287,蔬菜,水果,咖啡,茶叶,薯片
TXN01288,牛奶,面包,茶叶,,
TXN01289,饼干,肉类,鸡蛋,可乐,尿布
TXN01290,肉类,蔬菜,饼干,,
TXN01291,牛奶,面包,饼干,坚果,
TXN01292,坚果,巧克力,面包,,
TXN01293,坚果,尿布,啤酒,,
TXN01294,啤酒,尿布,牛奶,面包,饼干
TXN01295,可乐,薯片,面包,,
TXN01296,可乐,茶叶,蔬菜,鸡蛋,
TXN01297,茶叶,牛奶,坚果,,
TXN01298,饼干,啤酒,薯片,,
TXN01299,可乐,饼干,鸡蛋,面包,
TXN01300,水果,茶叶,,,
TXN01301,茶叶,蔬菜,面包,薯片,
TXN01302,啤酒,尿布,薯片,茶叶,可乐
TXN01303,坚果,巧克力,,,
TXN01304,牛奶,面包,可乐,肉类,蔬菜
TXN01305,牛奶,面包,啤酒,尿布,
TXN01306,巧克力,肉类,可乐,,
TXN01307,可乐,咖啡,水果,尿布,
TXN01308,巧克力,咖啡,茶叶,饼干,牛奶
TXN01309,牛奶,面包,坚果,饼干,尿布
TXN01310,啤酒,尿布,牛奶,面包,巧克力
TXN01311,咖啡,蔬菜,面包,坚果,
TXN01312,啤酒,尿布,坚果,可乐,
TXN01313,啤酒,尿布,水果,咖啡,饼干
TXN01314,坚果,饼干,咖啡,巧克力,
TXN01315,尿布,薯片,水果,可乐,
TXN01316,茶叶,水果,咖啡,饼干,
TXN01317,水果,薯片,啤酒,肉类,面包
TXN01318,鸡蛋,可乐,啤酒,咖啡,尿布
TXN01319,鸡蛋,啤酒,咖啡,,
TXN01320,啤酒,尿布,面包,薯片,蔬菜
TXN01321,啤酒,巧克力,,,
TXN01322,尿布,咖啡,,,
TXN01323,牛奶,面包,可乐,饼干,茶叶
TXN01324,面包,咖啡,饼干,肉类,
TXN01325,薯片,可乐,水果,蔬菜,
TXN01326,可乐,肉类,,,
TXN01327,肉类,可乐,饼干,坚果,茶叶
TXN01328,巧克力,饼干,咖啡,可乐,
TXN01329,牛奶,面包,可乐,水果,薯片
TXN01330,巧克力,肉类,鸡蛋,蔬菜,
TXN01331,坚果,鸡蛋,面包,饼干,
TXN01332,水果,鸡蛋,蔬菜,坚果,咖啡
TXN01333,尿布,咖啡,坚果,鸡蛋,
TXN01334,咖啡,牛奶,可乐,蔬菜,
TXN01335,茶叶,肉类,啤酒,巧克力,水果
TXN01336,牛奶,可乐,,,
TXN01337,巧克力,可乐,啤酒,蔬菜,牛奶
TXN01338,啤酒,尿布,牛奶,面包,
TXN01339,啤酒,尿布,蔬菜,巧克力,
TXN01340,面包,坚果,,,
TXN01341,可乐,薯片,,,
TXN01342,牛奶,面包,水果,饼干,薯片
TXN01343,蔬菜,可乐,面包,,
TXN01344,蔬菜,饼干,尿布,薯片,巧克力
TXN01345,面包,饼干,蔬菜,水果,
TXN01346,肉类,啤酒,,,
TXN01347,坚果,蔬菜,可乐,啤酒,肉类
TXN01348,啤酒,尿布,咖啡,坚果,水果
TXN01349,薯片,肉类,可乐,,
TXN01350,茶叶,巧克力,,,
TXN01351,巧克力,可乐,蔬菜,尿布,
TXN01352,蔬菜,啤酒,可乐,,
TXN01353,鸡蛋,可乐,水果,薯片,
TXN01354,啤酒,尿布,可乐,饼干,蔬菜
TXN01355,鸡蛋,肉类,,,
TXN01356,巧克力,面包,蔬菜,牛奶,肉类
TXN01357,巧克力,牛奶,啤酒,,
TXN01358,面包,鸡蛋,坚果,,
TXN01359,蔬菜,牛奶,,,
TXN01360,鸡蛋,巧克力,尿布,咖啡,茶叶
TXN01361,面包,可乐,,,
TXN01362,蔬菜,啤酒,肉类,,
TXN01363,牛奶,面包,啤酒,咖啡,鸡蛋
TXN01364,尿布,牛奶,,,
TXN01365,啤酒,尿布,薯片,巧克力,蔬菜
TXN01366,坚果,鸡蛋,牛奶,巧克力,
TXN01367,茶叶,薯片,牛奶,,
TXN01368,咖啡,巧克力,啤酒,,
TXN01369,牛奶,鸡蛋,尿布,茶叶,坚果
TXN01370,牛奶,面包,蔬菜,,
TXN01371,啤酒,肉类,薯片,,
TXN01372,茶叶,巧克力,饼干,,
TXN01373,可乐,薯片,巧克力,尿布,饼干
TXN01374,薯片,饼干,啤酒,坚果,咖啡
TXN01375,饼干,面包,鸡蛋,可乐,
TXN01376,蔬菜,啤酒,茶叶,,
TXN01377,啤酒,尿布,蔬菜,鸡蛋,
TXN01378,啤酒,尿布,面包,薯片,牛奶
TXN01379,啤酒,尿布,巧克力,坚果,肉类
TXN01380,饼干,蔬菜,咖啡,,
TXN01381,水果,鸡蛋,尿布,饼干,
TXN01382,巧克力,鸡蛋,,,
TXN01383,啤酒,饼干,,,
TXN01384,鸡蛋,饼干,,,
TXN01385,薯片,饼干,肉类,面包,
TXN01386,牛奶,面包,茶叶,咖啡,
TXN01387,鸡蛋,牛奶,咖啡,,
TXN01388,蔬菜,面包,牛奶,茶叶,
TXN01389,可乐,尿布,啤酒,,
TXN01390,巧克力,鸡蛋,咖啡,,
TXN01391,蔬菜,面包,尿布,鸡蛋,咖啡
TXN01392,肉类,牛奶,,,
TXN01393,可乐,咖啡,水果,啤酒,薯片
TXN01394,牛奶,面包,坚果,水果,薯片
TXN01395,啤酒,尿布,水果,茶叶,
TXN01396,蔬菜,牛奶,,,
TXN01397,肉类,鸡蛋,薯片,,
TXN01398,坚果,饼干,薯片,尿布,可乐
TXN01399,鸡蛋,水果,肉类,尿布,饼干
TXN01400,茶叶,可乐,肉类,啤酒,
TXN01401,薯片,肉类,茶叶,巧克力,可乐
TXN01402,薯片,尿布,,,
TXN01403,面包,饼干,薯片,巧克力,
TXN01404,巧克力,水果,,,
TXN01405,可乐,蔬菜,肉类,坚果,薯片
TXN01406,薯片,茶叶,可乐,牛奶,咖啡
TXN01407,咖啡,啤酒,饼干,,
TXN01408,啤酒,尿布,牛奶,面包,咖啡
TXN01409,牛奶,面包,鸡蛋,坚果,薯片
TXN01410,饼干,蔬菜,肉类,薯片,
TXN01411,啤酒,饼干,可乐,,
TXN01412,牛奶,面包,鸡蛋,可乐,尿布
TXN01413,牛奶,水果,面包,啤酒,饼干
TXN01414,面包,牛奶,蔬菜,,
TXN01415,尿布,肉类,啤酒,,
TXN01416,牛奶,面包,咖啡,肉类,
TXN01417,坚果,鸡蛋,水果,尿布,牛奶
TXN01418,啤酒,蔬菜,牛奶,水果,
TXN01419,啤酒,尿布,茶叶,饼干,可乐
TXN01420,水果,鸡蛋,尿布,茶叶,可乐
TXN01421,咖啡,水果,啤酒,可乐,
TXN01422,啤酒,水果,可乐,巧克力,
TXN01423,坚果,咖啡,牛奶,水果,
TXN01424,茶叶,肉类,可乐,鸡蛋,
TXN01425,可乐,蔬菜,茶叶,鸡蛋,啤酒
TXN01426,饼干,咖啡,鸡蛋,坚果,
TXN01427,啤酒,尿布,坚果,水果,咖啡
TXN01428,饼干,鸡蛋,啤酒,肉类,
TXN01429,牛奶,面包,坚果,可乐,巧克力
TXN01430,啤酒,尿布,牛奶,面包,蔬菜
TXN01431,巧克力,水果,可乐,鸡蛋,坚果
TXN01432,蔬菜,鸡蛋,尿布,茶叶,坚果
TXN01433,茶叶,啤酒,,,
TXN01434,面包,水果,可乐,蔬菜,
TXN01435,啤酒,尿布,肉类,,
TXN01436,咖啡,肉类,啤酒,,
TXN01437,面包,可乐,,,
TXN01438,可乐,蔬菜,面包,鸡蛋,肉类
TXN01439,饼干,蔬菜,茶叶,啤酒,肉类
TXN01440,面包,茶叶,,,
TXN01441,面包,可乐,,,
TXN01442,鸡蛋,牛奶,巧克力,肉类,
TXN01443,鸡蛋,啤酒,面包,巧克力,
TXN01444,肉类,面包,尿布,,
TXN01445,牛奶,面包,鸡蛋,饼干,
TXN01446,饼干,鸡蛋,牛奶,面包,巧克力
TXN01447,面包,肉类,茶叶,,
TXN01448,啤酒,尿布,牛奶,面包,坚果
TXN01449,肉类,蔬菜,,,
TXN01450,饼干,可乐,,,
TXN01451,巧克力,茶叶,鸡蛋,,
TXN01452,尿布,啤酒,茶叶,,
TXN01453,面包,薯片,坚果,巧克力,尿布
TXN01454,啤酒,尿布,面包,饼干,
TXN01455,牛奶,鸡蛋,饼干,巧克力,水果
TXN01456,牛奶,坚果,蔬菜,啤酒,
TXN01457,巧克力,坚果,,,
TXN01458,牛奶,面包,肉类,咖啡,蔬菜
TXN01459,啤酒,尿布,面包,可乐,肉类
TXN01460,牛奶,面包,鸡蛋,尿布,咖啡
TXN01461,鸡蛋,咖啡,饼干,可乐,
TXN01462,牛奶,面包,坚果,鸡蛋,
TXN01463,饼干,蔬菜,薯片,咖啡,尿布
TXN01464,鸡蛋,可乐,饼干,,
TXN01465,可乐,饼干,,,
TXN01466,坚果,饼干,茶叶,咖啡,水果
TXN01467,牛奶,面包,鸡蛋,薯片,
TXN01468,巧克力,尿布,茶叶,鸡蛋,可乐
TXN01469,啤酒,尿布,鸡蛋,牛奶,蔬菜
TXN01470,啤酒,尿布,肉类,牛奶,
TXN01471,啤酒,尿布,面包,蔬菜,水果
TXN01472,牛奶,面包,饼干,薯片,茶叶
TXN01473,鸡蛋,水果,尿布,可乐,
TXN01474,茶叶,饼干,水果,,
TXN01475,牛奶,咖啡,坚果,水果,肉类
TXN01476,可乐,尿布,肉类,巧克力,牛奶
TXN01477,薯片,咖啡,牛奶,面包,
TXN01478,饼干,肉类,蔬菜,,
TXN01479,牛奶,面包,水果,鸡蛋,蔬菜
TXN01480,牛奶,面包,鸡蛋,薯片,
TXN01481,巧克力,啤酒,,,
TXN01482,牛奶,面包,巧克力,可乐,水果
TXN01483,啤酒,尿布,薯片,牛奶,
TXN01484,面包,坚果,肉类,饼干,
TXN01485,牛奶,面包,茶叶,咖啡,巧克力
TXN01486,茶叶,巧克力,饼干,蔬菜,
TXN01487,啤酒,肉类,巧克力,面包,鸡蛋
TXN01488,啤酒,尿布,巧克力,牛奶,饼干
TXN01489,水果,肉类,面包,啤酒,
TXN01490,啤酒,尿布,蔬菜,牛奶,
TXN01491,巧克力,薯片,咖啡,可乐,
TXN01492,牛奶,面包,饼干,可乐,蔬菜
TXN01493,牛奶,面包,饼干,,
TXN01494,啤酒,尿布,饼干,可乐,
TXN01495,巧克力,饼干,茶叶,牛奶,鸡蛋
TXN01496,尿布,咖啡,,,
TXN01497,饼干,水果,鸡蛋,坚果,
TXN01498,咖啡,鸡蛋,牛奶,,
TXN01499,水果,尿布,坚果,,
TXN01500,薯片,咖啡,水果,,
